overall,raw_model_output,scaled_curve,shift_value,epsilon_added,raw_sum,adjusted_sum,metric
1,86.79685850088242,29.301633771725413,0.0,0.0,2962.1849476747257,2962.1849476747257,GP
2,80.04896067463615,27.023620094171864,0.0,0.0,2962.1849476747257,2962.1849476747257,GP
3,74.72059512511383,25.224824393145497,0.0,0.0,2962.1849476747257,2962.1849476747257,GP
4,70.46469684524932,23.788081463503193,0.0,0.0,2962.1849476747257,2962.1849476747257,GP
5,66.93420082797655,22.59622610010188,0.0,0.0,2962.1849476747257,2962.1849476747257,GP
6,63.832904408524215,21.549263646968488,0.0,0.0,2962.1849476747257,2962.1849476747257,GP
7,61.06805429130008,20.61588164481008,0.0,0.0,2962.1849476747257,2962.1849476747257,GP
8,58.597759523006765,19.781938183503765,0.0,0.0,2962.1849476747257,2962.1849476747257,GP
9,56.38012915034683,19.033291352926646,0.0,0.0,2962.1849476747257,2962.1849476747257,GP
10,54.37327222002288,18.35579924295583,0.0,0.0,2962.1849476747257,2962.1849476747257,GP
11,52.53529777873749,17.73531994346841,0.0,0.0,2962.1849476747257,2962.1849476747257,GP
12,50.824314873193245,17.157711544341495,0.0,0.0,2962.1849476747257,2962.1849476747257,GP
13,49.198432550092726,16.608832135452182,0.0,0.0,2962.1849476747257,2962.1849476747257,GP
14,47.61575985613856,16.074539806677592,0.0,0.0,2962.1849476747257,2962.1849476747257,GP
15,46.03440583803328,15.54069264789481,0.0,0.0,2962.1849476747257,2962.1849476747257,GP
16,44.4210453875992,14.996040481020305,0.0,0.0,2962.1849476747257,2962.1849476747257,GP
17,42.77661677713736,14.440900056127967,0.0,0.0,2962.1849476747257,2962.1849476747257,GP
18,41.11062412406851,13.87847985533104,0.0,0.0,2962.1849476747257,2962.1849476747257,GP
19,39.4325715458134,13.311988360742777,0.0,0.0,2962.1849476747257,2962.1849476747257,GP
20,37.75196315979278,12.744634054476426,0.0,0.0,2962.1849476747257,2962.1849476747257,GP
21,36.07830308342739,12.179625418645234,0.0,0.0,2962.1849476747257,2962.1849476747257,GP
22,34.421095434137996,11.620170935362454,0.0,0.0,2962.1849476747257,2962.1849476747257,GP
23,32.78984432934534,11.069479086741332,0.0,0.0,2962.1849476747257,2962.1849476747257,GP
24,31.19405388647016,10.530758354895113,0.0,0.0,2962.1849476747257,2962.1849476747257,GP
25,29.643228222933207,10.007217221937047,0.0,0.0,2962.1849476747257,2962.1849476747257,GP
26,28.14687145615524,9.502064169980386,0.0,0.0,2962.1849476747257,2962.1849476747257,GP
27,26.71448770355699,9.018507681138376,0.0,0.0,2962.1849476747257,2962.1849476747257,GP
28,25.355581082559222,8.559756237524265,0.0,0.0,2962.1849476747257,2962.1849476747257,GP
29,24.07965571058269,8.129018321251307,0.0,0.0,2962.1849476747257,2962.1849476747257,GP
30,22.89621570504811,7.72950241443274,0.0,0.0,2962.1849476747257,2962.1849476747257,GP
31,21.812333641242287,7.363596138169788,0.0,0.0,2962.1849476747257,2962.1849476747257,GP
32,20.825355925916007,7.030403669515513,0.0,0.0,2962.1849476747257,2962.1849476747257,GP
33,19.930197423686128,6.728208324510952,0.0,0.0,2962.1849476747257,2962.1849476747257,GP
34,19.121772999169483,6.45529341919714,0.0,0.0,2962.1849476747257,2962.1849476747257,GP
35,18.394997516982905,6.209942269615111,0.0,0.0,2962.1849476747257,2962.1849476747257,GP
36,17.74478584174323,5.9904381918058975,0.0,0.0,2962.1849476747257,2962.1849476747257,GP
37,17.166052838067298,5.7950645018105345,0.0,0.0,2962.1849476747257,2962.1849476747257,GP
38,16.65371337057194,5.622104515670054,0.0,0.0,2962.1849476747257,2962.1849476747257,GP
39,16.202682303874003,5.469841549425496,0.0,0.0,2962.1849476747257,2962.1849476747257,GP
40,15.80787450259032,5.336558919117891,0.0,0.0,2962.1849476747257,2962.1849476747257,GP
41,15.464204831337726,5.2205399407882735,0.0,0.0,2962.1849476747257,2962.1849476747257,GP
42,15.166588154733056,5.120067930477676,0.0,0.0,2962.1849476747257,2962.1849476747257,GP
43,14.90993933739315,5.033426204227135,0.0,0.0,2962.1849476747257,2962.1849476747257,GP
44,14.689173243934842,4.9588980780776835,0.0,0.0,2962.1849476747257,2962.1849476747257,GP
45,14.49920473897497,4.894766868070357,0.0,0.0,2962.1849476747257,2962.1849476747257,GP
46,14.334948687130373,4.839315890246188,0.0,0.0,2962.1849476747257,2962.1849476747257,GP
47,14.191319953017883,4.790828460646211,0.0,0.0,2962.1849476747257,2962.1849476747257,GP
48,14.06323340125434,4.747587895311461,0.0,0.0,2962.1849476747257,2962.1849476747257,GP
49,13.945603896456582,4.707877510282971,0.0,0.0,2962.1849476747257,2962.1849476747257,GP
50,13.83334630324144,4.669980621601776,0.0,0.0,2962.1849476747257,2962.1849476747257,GP
51,13.722225604779172,4.632467535678665,0.0,0.0,2962.1849476747257,2962.1849476747257,GP
52,13.611407258453667,4.595056520403438,0.0,0.0,2962.1849476747257,2962.1849476747257,GP
53,13.500906840202244,4.557752834035656,0.0,0.0,2962.1849476747257,2962.1849476747257,GP
54,13.390739925962205,4.520561734834873,0.0,0.0,2962.1849476747257,2962.1849476747257,GP
55,13.280922091670858,4.483488481060643,0.0,0.0,2962.1849476747257,2962.1849476747257,GP
56,13.17146891326552,4.446538330972528,0.0,0.0,2962.1849476747257,2962.1849476747257,GP
57,13.062395966683496,4.409716542830082,0.0,0.0,2962.1849476747257,2962.1849476747257,GP
58,12.953718827862096,4.373028374892859,0.0,0.0,2962.1849476747257,2962.1849476747257,GP
59,12.84545307273863,4.336479085420421,0.0,0.0,2962.1849476747257,2962.1849476747257,GP
60,12.73761427725041,4.300073932672321,0.0,0.0,2962.1849476747257,2962.1849476747257,GP
61,12.630218017334744,4.263818174908117,0.0,0.0,2962.1849476747257,2962.1849476747257,GP
62,12.52327986892894,4.2277170703873646,0.0,0.0,2962.1849476747257,2962.1849476747257,GP
63,12.41681540797031,4.191775877369621,0.0,0.0,2962.1849476747257,2962.1849476747257,GP
64,12.310840210396163,4.1559998541144445,0.0,0.0,2962.1849476747257,2962.1849476747257,GP
65,12.205369852143807,4.120394258881388,0.0,0.0,2962.1849476747257,2962.1849476747257,GP
66,12.100419909150556,4.084964349930014,0.0,0.0,2962.1849476747257,2962.1849476747257,GP
67,11.996005957353717,4.049715385519873,0.0,0.0,2962.1849476747257,2962.1849476747257,GP
68,11.892143572690596,4.014652623910524,0.0,0.0,2962.1849476747257,2962.1849476747257,GP
69,11.78884833109851,3.979781323361525,0.0,0.0,2962.1849476747257,2962.1849476747257,GP
70,11.686135808514766,3.9451067421324324,0.0,0.0,2962.1849476747257,2962.1849476747257,GP
71,11.584021580876668,3.9106341384827994,0.0,0.0,2962.1849476747257,2962.1849476747257,GP
72,11.482521224121534,3.876368770672187,0.0,0.0,2962.1849476747257,2962.1849476747257,GP
73,11.38165031418667,3.8423158969601503,0.0,0.0,2962.1849476747257,2962.1849476747257,GP
74,11.281424427009387,3.808480775606246,0.0,0.0,2962.1849476747257,2962.1849476747257,GP
75,11.18185913852699,3.7748686648700294,0.0,0.0,2962.1849476747257,2962.1849476747257,GP
76,11.082970024676795,3.741484823011059,0.0,0.0,2962.1849476747257,2962.1849476747257,GP
77,10.984772661396113,3.7083345082888926,0.0,0.0,2962.1849476747257,2962.1849476747257,GP
78,10.887282624622244,3.6754229789630832,0.0,0.0,2962.1849476747257,2962.1849476747257,GP
79,10.790515490292504,3.642755493293189,0.0,0.0,2962.1849476747257,2962.1849476747257,GP
80,10.694486834344204,3.6103373095387674,0.0,0.0,2962.1849476747257,2962.1849476747257,GP
81,10.59921223271465,3.5781736859593747,0.0,0.0,2962.1849476747257,2962.1849476747257,GP
82,10.504707261341157,3.546269880814568,0.0,0.0,2962.1849476747257,2962.1849476747257,GP
83,10.410987496161026,3.514631152363902,0.0,0.0,2962.1849476747257,2962.1849476747257,GP
84,10.318068513111577,3.4832627588669363,0.0,0.0,2962.1849476747257,2962.1849476747257,GP
85,10.225965888130109,3.4521699585832244,0.0,0.0,2962.1849476747257,2962.1849476747257,GP
86,10.134695197153942,3.421358009772326,0.0,0.0,2962.1849476747257,2962.1849476747257,GP
87,10.044272016120376,3.3908321706937947,0.0,0.0,2962.1849476747257,2962.1849476747257,GP
88,9.954711920966728,3.3605976996071902,0.0,0.0,2962.1849476747257,2962.1849476747257,GP
89,9.866030487630312,3.3306598547720694,0.0,0.0,2962.1849476747257,2962.1849476747257,GP
90,9.778243292048424,3.3010238944479853,0.0,0.0,2962.1849476747257,2962.1849476747257,GP
91,9.691365910158384,3.2716950768944972,0.0,0.0,2962.1849476747257,2962.1849476747257,GP
92,9.605413917897495,3.24267866037116,0.0,0.0,2962.1849476747257,2962.1849476747257,GP
93,9.520402891203071,3.2139799031375325,0.0,0.0,2962.1849476747257,2962.1849476747257,GP
94,9.436348406012424,3.185604063453171,0.0,0.0,2962.1849476747257,2962.1849476747257,GP
95,9.353266038262856,3.1575563995776292,0.0,0.0,2962.1849476747257,2962.1849476747257,GP
96,9.271171363891684,3.129842169770468,0.0,0.0,2962.1849476747257,2962.1849476747257,GP
97,9.190079958836211,3.1024666322912404,0.0,0.0,2962.1849476747257,2962.1849476747257,GP
98,9.110007399033757,3.075435045399507,0.0,0.0,2962.1849476747257,2962.1849476747257,GP
99,9.030969260421625,3.048752667354822,0.0,0.0,2962.1849476747257,2962.1849476747257,GP
100,8.952981118937121,3.0224247564167412,0.0,0.0,2962.1849476747257,2962.1849476747257,GP
101,8.876053294478236,2.9964547964656343,0.0,0.0,2962.1849476747257,2962.1849476747257,GP
102,8.800175082785671,2.9708391738651185,0.0,0.0,2962.1849476747257,2962.1849476747257,GP
103,8.725330523560789,2.945572500599617,0.0,0.0,2962.1849476747257,2962.1849476747257,GP
104,8.651503656504975,2.920649388653563,0.0,0.0,2962.1849476747257,2962.1849476747257,GP
105,8.578678521319592,2.8960644500113797,0.0,0.0,2962.1849476747257,2962.1849476747257,GP
106,8.506839157706022,2.871812296657497,0.0,0.0,2962.1849476747257,2962.1849476747257,GP
107,8.435969605365633,2.8478875405763415,0.0,0.0,2962.1849476747257,2962.1849476747257,GP
108,8.366053903999797,2.8242847937523394,0.0,0.0,2962.1849476747257,2962.1849476747257,GP
109,8.297076093309895,2.8009986681699215,0.0,0.0,2962.1849476747257,2962.1849476747257,GP
110,8.229020212997293,2.7780237758135127,0.0,0.0,2962.1849476747257,2962.1849476747257,GP
111,8.16187030276337,2.755354728667542,0.0,0.0,2962.1849476747257,2962.1849476747257,GP
112,8.095610402309498,2.7329861387164365,0.0,0.0,2962.1849476747257,2962.1849476747257,GP
113,8.03022455133705,2.710912617944624,0.0,0.0,2962.1849476747257,2962.1849476747257,GP
114,7.965696789547398,2.6891287783365314,0.0,0.0,2962.1849476747257,2962.1849476747257,GP
115,7.902011156641918,2.6676292318765875,0.0,0.0,2962.1849476747257,2962.1849476747257,GP
116,7.839151692321979,2.6464085905492176,0.0,0.0,2962.1849476747257,2962.1849476747257,GP
117,7.777102436288962,2.6254614663388525,0.0,0.0,2962.1849476747257,2962.1849476747257,GP
118,7.715847428244233,2.6047824712299166,0.0,0.0,2962.1849476747257,2962.1849476747257,GP
119,7.655370707889169,2.5843662172068393,0.0,0.0,2962.1849476747257,2962.1849476747257,GP
120,7.595656314925145,2.5642073162540475,0.0,0.0,2962.1849476747257,2962.1849476747257,GP
121,7.536688289053531,2.544300380355969,0.0,0.0,2962.1849476747257,2962.1849476747257,GP
122,7.478450669975706,2.524640021497033,0.0,0.0,2962.1849476747257,2962.1849476747257,GP
123,7.420927497393035,2.505220851661663,0.0,0.0,2962.1849476747257,2962.1849476747257,GP
124,7.364102811006898,2.48603748283429,0.0,0.0,2962.1849476747257,2962.1849476747257,GP
125,7.30796065051867,2.4670845269993413,0.0,0.0,2962.1849476747257,2962.1849476747257,GP
126,7.252485055629718,2.448356596141243,0.0,0.0,2962.1849476747257,2962.1849476747257,GP
127,7.1976600660414185,2.4298483022444235,0.0,0.0,2962.1849476747257,2962.1849476747257,GP
128,7.143469721455149,2.411554257293311,0.0,0.0,2962.1849476747257,2962.1849476747257,GP
129,7.089898061572274,2.393469073272331,0.0,0.0,2962.1849476747257,2962.1849476747257,GP
130,7.036929126094176,2.375587362165913,0.0,0.0,2962.1849476747257,2962.1849476747257,GP
131,6.984546954722224,2.3579037359584842,0.0,0.0,2962.1849476747257,2962.1849476747257,GP
132,6.932735587157793,2.3404128066344723,0.0,0.0,2962.1849476747257,2962.1849476747257,GP
133,6.8814790631022555,2.3231091861783044,0.0,0.0,2962.1849476747257,2962.1849476747257,GP
134,6.830761422256984,2.305987486574408,0.0,0.0,2962.1849476747257,2962.1849476747257,GP
135,6.7805667043233555,2.2890423198072107,0.0,0.0,2962.1849476747257,2962.1849476747257,GP
136,6.730878949002739,2.27226829786114,0.0,0.0,2962.1849476747257,2962.1849476747257,GP
137,6.681682195996512,2.255660032720624,0.0,0.0,2962.1849476747257,2962.1849476747257,GP
138,6.632960485006046,2.23921213637009,0.0,0.0,2962.1849476747257,2962.1849476747257,GP
139,6.584697855732715,2.222919220793966,0.0,0.0,2962.1849476747257,2962.1849476747257,GP
140,6.536878347877892,2.206775897976678,0.0,0.0,2962.1849476747257,2962.1849476747257,GP
141,6.489486001142951,2.1907767799026554,0.0,0.0,2962.1849476747257,2962.1849476747257,GP
142,6.442504855229265,2.1749164785563244,0.0,0.0,2962.1849476747257,2962.1849476747257,GP
143,6.395918949838209,2.159189605922114,0.0,0.0,2962.1849476747257,2962.1849476747257,GP
144,6.349712324671154,2.143590773984451,0.0,0.0,2962.1849476747257,2962.1849476747257,GP
145,6.3038690194294755,2.1281145947277618,0.0,0.0,2962.1849476747257,2962.1849476747257,GP
146,6.258373073814547,2.1127556801364764,0.0,0.0,2962.1849476747257,2962.1849476747257,GP
147,6.21320852752774,2.0975086421950198,0.0,0.0,2962.1849476747257,2962.1849476747257,GP
148,6.16835942027043,2.082368092887821,0.0,0.0,2962.1849476747257,2962.1849476747257,GP
149,6.12380979174399,2.0673286441993084,0.0,0.0,2962.1849476747257,2962.1849476747257,GP
150,6.079543681649793,2.0523849081139076,0.0,0.0,2962.1849476747257,2962.1849476747257,GP
151,6.035546536788301,2.0375319716367213,0.0,0.0,2962.1849476747257,2962.1849476747257,GP
152,5.991809432356323,2.02276682185554,0.0,0.0,2962.1849476747257,2962.1849476747257,GP
153,5.948324850649756,2.0080869208788292,0.0,0.0,2962.1849476747257,2962.1849476747257,GP
154,5.905085273964494,1.993489730815054,0.0,0.0,2962.1849476747257,2962.1849476747257,GP
155,5.862083184596439,1.978972713772681,0.0,0.0,2962.1849476747257,2962.1849476747257,GP
156,5.819311064841483,1.9645333318601734,0.0,0.0,2962.1849476747257,2962.1849476747257,GP
157,5.776761396995528,1.950169047185999,0.0,0.0,2962.1849476747257,2962.1849476747257,GP
158,5.734426663354465,1.9358773218586203,0.0,0.0,2962.1849476747257,2962.1849476747257,GP
159,5.692299346214195,1.921655617986504,0.0,0.0,2962.1849476747257,2962.1849476747257,GP
160,5.650371927870613,1.9075013976781148,0.0,0.0,2962.1849476747257,2962.1849476747257,GP
161,5.608636890619619,1.8934121230419192,0.0,0.0,2962.1849476747257,2962.1849476747257,GP
162,5.567086716757103,1.8793852561863802,0.0,0.0,2962.1849476747257,2962.1849476747257,GP
163,5.525713888578968,1.8654182592199644,0.0,0.0,2962.1849476747257,2962.1849476747257,GP
164,5.48451088838111,1.8515085942511373,0.0,0.0,2962.1849476747257,2962.1849476747257,GP
165,5.4434701984594245,1.8376537233883636,0.0,0.0,2962.1849476747257,2962.1849476747257,GP
166,5.402584301109809,1.8238511087401088,0.0,0.0,2962.1849476747257,2962.1849476747257,GP
167,5.361845678628159,1.810098212414837,0.0,0.0,2962.1849476747257,2962.1849476747257,GP
168,5.321246813310374,1.7963924965210154,0.0,0.0,2962.1849476747257,2962.1849476747257,GP
169,5.280780187452349,1.782731423167108,0.0,0.0,2962.1849476747257,2962.1849476747257,GP
170,5.240438283349981,1.7691124544615802,0.0,0.0,2962.1849476747257,2962.1849476747257,GP
171,5.200213583299166,1.7555330525128967,0.0,0.0,2962.1849476747257,2962.1849476747257,GP
172,5.160098569595804,1.741990679429524,0.0,0.0,2962.1849476747257,2962.1849476747257,GP
173,5.120085724535787,1.7284827973199257,0.0,0.0,2962.1849476747257,2962.1849476747257,GP
174,5.080167530415018,1.7150068682925688,0.0,0.0,2962.1849476747257,2962.1849476747257,GP
175,5.040336469529389,1.701560354455917,0.0,0.0,2962.1849476747257,2962.1849476747257,GP
176,5.000585024174798,1.688140717918437,0.0,0.0,2962.1849476747257,2962.1849476747257,GP
177,4.960905676647142,1.6747454207885921,0.0,0.0,2962.1849476747257,2962.1849476747257,GP
178,4.92129090924232,1.6613719251748496,0.0,0.0,2962.1849476747257,2962.1849476747257,GP
179,4.881733204256224,1.6480176931856727,0.0,0.0,2962.1849476747257,2962.1849476747257,GP
180,4.842225043984755,1.6346801869295282,0.0,0.0,2962.1849476747257,2962.1849476747257,GP
181,4.802758910723809,1.6213568685148807,0.0,0.0,2962.1849476747257,2962.1849476747257,GP
182,4.763327286769283,1.608045200050196,0.0,0.0,2962.1849476747257,2962.1849476747257,GP
183,4.723922654417074,1.5947426436439387,0.0,0.0,2962.1849476747257,2962.1849476747257,GP
184,4.684537495963076,1.5814466614045732,0.0,0.0,2962.1849476747257,2962.1849476747257,GP
185,4.645164293703189,1.5681547154405666,0.0,0.0,2962.1849476747257,2962.1849476747257,GP
186,4.60579552993331,1.5548642678603835,0.0,0.0,2962.1849476747257,2962.1849476747257,GP
187,4.566423686949333,1.541572780772488,0.0,0.0,2962.1849476747257,2962.1849476747257,GP
188,4.527041247047158,1.5282777162853465,0.0,0.0,2962.1849476747257,2962.1849476747257,GP
189,4.48764069252268,1.5149765365074237,0.0,0.0,2962.1849476747257,2962.1849476747257,GP
190,4.448214505671796,1.501666703547185,0.0,0.0,2962.1849476747257,2962.1849476747257,GP
191,4.408755168790405,1.4883456795130963,0.0,0.0,2962.1849476747257,2962.1849476747257,GP
192,4.3692551641744,1.4750109265136213,0.0,0.0,2962.1849476747257,2962.1849476747257,GP
193,4.329706974119681,1.4616599066572264,0.0,0.0,2962.1849476747257,2962.1849476747257,GP
194,4.290103080922143,1.4482900820523765,0.0,0.0,2962.1849476747257,2962.1849476747257,GP
195,4.250435966877685,1.4348989148075373,0.0,0.0,2962.1849476747257,2962.1849476747257,GP
196,4.210698114282202,1.4214838670311731,0.0,0.0,2962.1849476747257,2962.1849476747257,GP
197,4.170882005431591,1.4080424008317496,0.0,0.0,2962.1849476747257,2962.1849476747257,GP
198,4.130980122621749,1.394571978317732,0.0,0.0,2962.1849476747257,2962.1849476747257,GP
199,4.0909849481485745,1.3810700615975857,0.0,0.0,2962.1849476747257,2962.1849476747257,GP
200,4.050888964307961,1.3675341127797753,0.0,0.0,2962.1849476747257,2962.1849476747257,GP
201,4.010646024538798,1.3539485533093063,0.0,0.0,2962.1849476747257,2962.1849476747257,GP
202,3.9700554668519303,1.3402456419773414,0.0,0.0,2962.1849476747257,2962.1849476747257,GP
203,3.928878000401192,1.3263445969115828,0.0,0.0,2962.1849476747257,2962.1849476747257,GP
204,3.886874334340416,1.312164636239732,0.0,0.0,2962.1849476747257,2962.1849476747257,GP
205,3.843805177823441,1.2976249780894926,0.0,0.0,2962.1849476747257,2962.1849476747257,GP
206,3.799431240004098,1.282644840588566,0.0,0.0,2962.1849476747257,2962.1849476747257,GP
207,3.753513230036224,1.2671434418646548,0.0,0.0,2962.1849476747257,2962.1849476747257,GP
208,3.7058118570736527,1.251040000045461,0.0,0.0,2962.1849476747257,2962.1849476747257,GP
209,3.656087830270219,1.2342537332586871,0.0,0.0,2962.1849476747257,2962.1849476747257,GP
210,3.604101858779758,1.2167038596320354,0.0,0.0,2962.1849476747257,2962.1849476747257,GP
1,60.50915052423118,31.17691139238864,0.0,0.0,1940.8321036895127,1940.8321036895127,PS
2,51.501659100668114,26.535865210990536,0.0,0.0,1940.8321036895127,1940.8321036895127,PS
3,45.65912092476539,23.525538782034577,0.0,0.0,1940.8321036895127,1940.8321036895127,PS
4,42.00988672282364,21.64529669669161,0.0,0.0,1940.8321036895127,1940.8321036895127,PS
5,39.58230722114348,20.394503546132455,0.0,0.0,1940.8321036895127,1940.8321036895127,PS
6,37.56237004750666,19.353745218919645,0.0,0.0,1940.8321036895127,1940.8321036895127,PS
7,35.76661043561943,18.428492793182507,0.0,0.0,1940.8321036895127,1940.8321036895127,PS
8,34.16920052066915,17.605438644442074,0.0,0.0,1940.8321036895127,1940.8321036895127,PS
9,32.74431243784322,16.871275148219382,0.0,0.0,1940.8321036895127,1940.8321036895127,PS
10,31.466118322328985,16.212694680035455,0.0,0.0,1940.8321036895127,1940.8321036895127,PS
11,30.30879030931385,15.61638961541134,0.0,0.0,1940.8321036895127,1940.8321036895127,PS
12,29.246500533985145,15.069052329868041,0.0,0.0,1940.8321036895127,1940.8321036895127,PS
13,28.25342113153027,14.55737519892661,0.0,0.0,1940.8321036895127,1940.8321036895127,PS
14,27.30372423713661,14.06805059810808,0.0,0.0,1940.8321036895127,1940.8321036895127,PS
15,26.371581985991515,13.58777090293347,0.0,0.0,1940.8321036895127,1940.8321036895127,PS
16,25.436154540944443,13.105798534860606,0.0,0.0,1940.8321036895127,1940.8321036895127,PS
17,24.49655417549317,12.621676099094474,0.0,0.0,1940.8321036895127,1940.8321036895127,PS
18,23.556881190797547,12.137516246776848,0.0,0.0,1940.8321036895127,1940.8321036895127,PS
19,22.621235888017427,11.6554316290495,0.0,0.0,1940.8321036895127,1940.8321036895127,PS
20,21.69371856831265,11.177534897054203,0.0,0.0,1940.8321036895127,1940.8321036895127,PS
21,20.778429532843077,10.705938701932734,0.0,0.0,1940.8321036895127,1940.8321036895127,PS
22,19.87946908276856,10.242755694826863,0.0,0.0,1940.8321036895127,1940.8321036895127,PS
23,19.000937519248943,9.790098526878367,0.0,0.0,1940.8321036895127,1940.8321036895127,PS
24,18.14693514344408,9.350079849229019,0.0,0.0,1940.8321036895127,1940.8321036895127,PS
25,17.321562256513825,8.924812313020595,0.0,0.0,1940.8321036895127,1940.8321036895127,PS
26,16.528919159618024,8.516408569394862,0.0,0.0,1940.8321036895127,1940.8321036895127,PS
27,15.773106153916537,8.126981269493603,0.0,0.0,1940.8321036895127,1940.8321036895127,PS
28,15.058223540569198,7.758643064458583,0.0,0.0,1940.8321036895127,1940.8321036895127,PS
29,14.388371620735876,7.413506605431583,0.0,0.0,1940.8321036895127,1940.8321036895127,PS
30,13.767650695576409,7.09368454355437,0.0,0.0,1940.8321036895127,1940.8321036895127,PS
31,13.199035510235303,6.800709595200944,0.0,0.0,1940.8321036895127,1940.8321036895127,PS
32,12.680998585795615,6.533794737674164,0.0,0.0,1940.8321036895127,1940.8321036895127,PS
33,12.210886887325088,6.291573013509129,0.0,0.0,1940.8321036895127,1940.8321036895127,PS
34,11.786047379891423,6.072677465240916,0.0,0.0,1940.8321036895127,1940.8321036895127,PS
35,11.403827028562343,5.875741135404614,0.0,0.0,1940.8321036895127,1940.8321036895127,PS
36,11.061572798405573,5.699397066535314,0.0,0.0,1940.8321036895127,1940.8321036895127,PS
37,10.75663165448882,5.542278301168099,0.0,0.0,1940.8321036895127,1940.8321036895127,PS
38,10.486350561879812,5.403017881838058,0.0,0.0,1940.8321036895127,1940.8321036895127,PS
39,10.248076485646264,5.280248851080276,0.0,0.0,1940.8321036895127,1940.8321036895127,PS
40,10.039156390855895,5.172604251429841,0.0,0.0,1940.8321036895127,1940.8321036895127,PS
41,9.856937242576429,5.078717125421842,0.0,0.0,1940.8321036895127,1940.8321036895127,PS
42,9.698766005875576,4.997220515591363,0.0,0.0,1940.8321036895127,1940.8321036895127,PS
43,9.56198964582106,4.926747464473491,0.0,0.0,1940.8321036895127,1940.8321036895127,PS
44,9.443955127480596,4.865931014603315,0.0,0.0,1940.8321036895127,1940.8321036895127,PS
45,9.342009415921906,4.813404208515919,0.0,0.0,1940.8321036895127,1940.8321036895127,PS
46,9.253499476212708,4.767800088746393,0.0,0.0,1940.8321036895127,1940.8321036895127,PS
47,9.17577227342072,4.727751697829822,0.0,0.0,1940.8321036895127,1940.8321036895127,PS
48,9.106174772613665,4.691892078301296,0.0,0.0,1940.8321036895127,1940.8321036895127,PS
49,9.042053938859254,4.658854272695899,0.0,0.0,1940.8321036895127,1940.8321036895127,PS
50,8.980756737225212,4.627271323548717,0.0,0.0,1940.8321036895127,1940.8321036895127,PS
51,8.920073616532688,4.596004775258854,0.0,0.0,1940.8321036895127,1940.8321036895127,PS
52,8.859568960616583,4.56483017968148,0.0,0.0,1940.8321036895127,1940.8321036895127,PS
53,8.799250637065231,4.53375159053578,0.0,0.0,1940.8321036895127,1940.8321036895127,PS
54,8.739126513466967,4.502773061540939,0.0,0.0,1940.8321036895127,1940.8321036895127,PS
55,8.679204457410112,4.471898646416135,0.0,0.0,1940.8321036895127,1940.8321036895127,PS
56,8.619492336483011,4.441132398880561,0.0,0.0,1940.8321036895127,1940.8321036895127,PS
57,8.559998018273992,4.410478372653397,0.0,0.0,1940.8321036895127,1940.8321036895127,PS
58,8.500729370371392,4.379940621453832,0.0,0.0,1940.8321036895127,1940.8321036895127,PS
59,8.441694260363537,4.349523199001045,0.0,0.0,1940.8321036895127,1940.8321036895127,PS
60,8.382900555838761,4.319230159014222,0.0,0.0,1940.8321036895127,1940.8321036895127,PS
61,8.324356124385403,4.289065555212551,0.0,0.0,1940.8321036895127,1940.8321036895127,PS
62,8.266068833591794,4.259033441315215,0.0,0.0,1940.8321036895127,1940.8321036895127,PS
63,8.20804655104626,4.229137871041396,0.0,0.0,1940.8321036895127,1940.8321036895127,PS
64,8.150297144337141,4.199382898110282,0.0,0.0,1940.8321036895127,1940.8321036895127,PS
65,8.092828481052768,4.169772576241056,0.0,0.0,1940.8321036895127,1940.8321036895127,PS
66,8.035648428781471,4.140310959152902,0.0,0.0,1940.8321036895127,1940.8321036895127,PS
67,7.978764855111589,4.111002100565008,0.0,0.0,1940.8321036895127,1940.8321036895127,PS
68,7.922185627631448,4.081850054196553,0.0,0.0,1940.8321036895127,1940.8321036895127,PS
69,7.865918613929387,4.052858873766728,0.0,0.0,1940.8321036895127,1940.8321036895127,PS
70,7.809971681593735,4.024032612994713,0.0,0.0,1940.8321036895127,1940.8321036895127,PS
71,7.754352698212826,3.9953753255996944,0.0,0.0,1940.8321036895127,1940.8321036895127,PS
72,7.699069531374994,3.966891065300857,0.0,0.0,1940.8321036895127,1940.8321036895127,PS
73,7.644130048668568,3.938583885817384,0.0,0.0,1940.8321036895127,1940.8321036895127,PS
74,7.589542117681887,3.9104578408684625,0.0,0.0,1940.8321036895127,1940.8321036895127,PS
75,7.535313606003278,3.882516984173274,0.0,0.0,1940.8321036895127,1940.8321036895127,PS
76,7.481452381221078,3.8547653694510062,0.0,0.0,1940.8321036895127,1940.8321036895127,PS
77,7.427966310923619,3.8272070504208426,0.0,0.0,1940.8321036895127,1940.8321036895127,PS
78,7.374863262699231,3.7998460808019665,0.0,0.0,1940.8321036895127,1940.8321036895127,PS
79,7.322151104136248,3.7726865143135635,0.0,0.0,1940.8321036895127,1940.8321036895127,PS
80,7.269837702823006,3.7457324046748193,0.0,0.0,1940.8321036895127,1940.8321036895127,PS
81,7.217930926347836,3.718987805604917,0.0,0.0,1940.8321036895127,1940.8321036895127,PS
82,7.1664386422990685,3.6924567708230414,0.0,0.0,1940.8321036895127,1940.8321036895127,PS
83,7.1153687182650405,3.6661433540483785,0.0,0.0,1940.8321036895127,1940.8321036895127,PS
84,7.064729021834084,3.6400516090001127,0.0,0.0,1940.8321036895127,1940.8321036895127,PS
85,7.014527420594528,3.6141855893974264,0.0,0.0,1940.8321036895127,1940.8321036895127,PS
86,6.964771782134708,3.5885493489595053,0.0,0.0,1940.8321036895127,1940.8321036895127,PS
87,6.915469974042959,3.563146941405536,0.0,0.0,1940.8321036895127,1940.8321036895127,PS
88,6.86662986390761,3.5379824204547003,0.0,0.0,1940.8321036895127,1940.8321036895127,PS
89,6.818259319316998,3.513059839826185,0.0,0.0,1940.8321036895127,1940.8321036895127,PS
90,6.7703662078594515,3.488383253239174,0.0,0.0,1940.8321036895127,1940.8321036895127,PS
91,6.722958397123308,3.463956714412852,0.0,0.0,1940.8321036895127,1940.8321036895127,PS
92,6.676043754696895,3.439784277066402,0.0,0.0,1940.8321036895127,1940.8321036895127,PS
93,6.629630148168548,3.4158699949190106,0.0,0.0,1940.8321036895127,1940.8321036895127,PS
94,6.583725445126603,3.392217921689863,0.0,0.0,1940.8321036895127,1940.8321036895127,PS
95,6.538337513159389,3.368832111098142,0.0,0.0,1940.8321036895127,1940.8321036895127,PS
96,6.493474219855239,3.3457166168630326,0.0,0.0,1940.8321036895127,1940.8321036895127,PS
97,6.4491434328024875,3.3228754927037203,0.0,0.0,1940.8321036895127,1940.8321036895127,PS
98,6.405353019589466,3.3003127923393887,0.0,0.0,1940.8321036895127,1940.8321036895127,PS
99,6.362110847804508,3.2780325694892234,0.0,0.0,1940.8321036895127,1940.8321036895127,PS
100,6.319424785035947,3.2560388778724088,0.0,0.0,1940.8321036895127,1940.8321036895127,PS
101,6.2773000462621455,3.2343344044696227,0.0,0.0,1940.8321036895127,1940.8321036895127,PS
102,6.235731236021589,3.2129163693075222,0.0,0.0,1940.8321036895127,1940.8321036895127,PS
103,6.194710306242794,3.1917806256742556,0.0,0.0,1940.8321036895127,1940.8321036895127,PS
104,6.154229208854274,3.1709230268579716,0.0,0.0,1940.8321036895127,1940.8321036895127,PS
105,6.114279895784549,3.150339426146822,0.0,0.0,1940.8321036895127,1940.8321036895127,PS
106,6.074854318962131,3.1300256768289545,0.0,0.0,1940.8321036895127,1940.8321036895127,PS
107,6.035944430315535,3.109977632192518,0.0,0.0,1940.8321036895127,1940.8321036895127,PS
108,5.997542181773278,3.0901911455256634,0.0,0.0,1940.8321036895127,1940.8321036895127,PS
109,5.95963952526388,3.0706620701165406,0.0,0.0,1940.8321036895127,1940.8321036895127,PS
110,5.9222284127158495,3.0513862592532974,0.0,0.0,1940.8321036895127,1940.8321036895127,PS
111,5.885300796057708,3.032359566224084,0.0,0.0,1940.8321036895127,1940.8321036895127,PS
112,5.848848627217967,3.01357784431705,0.0,0.0,1940.8321036895127,1940.8321036895127,PS
113,5.812863858125145,2.995036946820345,0.0,0.0,1940.8321036895127,1940.8321036895127,PS
114,5.777338440707758,2.9767327270221187,0.0,0.0,1940.8321036895127,1940.8321036895127,PS
115,5.742264326894321,2.95866103821052,0.0,0.0,1940.8321036895127,1940.8321036895127,PS
116,5.707633468613347,2.9408177336736974,0.0,0.0,1940.8321036895127,1940.8321036895127,PS
117,5.6734378177933555,2.923198666699802,0.0,0.0,1940.8321036895127,1940.8321036895127,PS
118,5.639669326362862,2.905799690576983,0.0,0.0,1940.8321036895127,1940.8321036895127,PS
119,5.606319946250378,2.8886166585933886,0.0,0.0,1940.8321036895127,1940.8321036895127,PS
120,5.573381629384425,2.8716454240371707,0.0,0.0,1940.8321036895127,1940.8321036895127,PS
121,5.540846327693516,2.854881840196477,0.0,0.0,1940.8321036895127,1940.8321036895127,PS
122,5.508705993106169,2.8383217603594586,0.0,0.0,1940.8321036895127,1940.8321036895127,PS
123,5.476952577550894,2.821961037814262,0.0,0.0,1940.8321036895127,1940.8321036895127,PS
124,5.445578032956212,2.805795525849039,0.0,0.0,1940.8321036895127,1940.8321036895127,PS
125,5.414574311250638,2.789821077751938,0.0,0.0,1940.8321036895127,1940.8321036895127,PS
126,5.383933364362685,2.774033546811109,0.0,0.0,1940.8321036895127,1940.8321036895127,PS
127,5.353647144220873,2.7584287863147026,0.0,0.0,1940.8321036895127,1940.8321036895127,PS
128,5.323707602753715,2.743002649550866,0.0,0.0,1940.8321036895127,1940.8321036895127,PS
129,5.294106691889724,2.7277509898077494,0.0,0.0,1940.8321036895127,1940.8321036895127,PS
130,5.264836363557422,2.7126696603735034,0.0,0.0,1940.8321036895127,1940.8321036895127,PS
131,5.235888569685322,2.697754514536277,0.0,0.0,1940.8321036895127,1940.8321036895127,PS
132,5.207255262201939,2.683001405584219,0.0,0.0,1940.8321036895127,1940.8321036895127,PS
133,5.178928393035789,2.668406186805479,0.0,0.0,1940.8321036895127,1940.8321036895127,PS
134,5.150899914115387,2.653964711488207,0.0,0.0,1940.8321036895127,1940.8321036895127,PS
135,5.12316177736925,2.639672832920552,0.0,0.0,1940.8321036895127,1940.8321036895127,PS
136,5.095705934725894,2.625526404390664,0.0,0.0,1940.8321036895127,1940.8321036895127,PS
137,5.068524338113834,2.6115212791866913,0.0,0.0,1940.8321036895127,1940.8321036895127,PS
138,5.041608939461585,2.597653310596785,0.0,0.0,1940.8321036895127,1940.8321036895127,PS
139,5.014951690697664,2.5839183519090936,0.0,0.0,1940.8321036895127,1940.8321036895127,PS
140,4.988544543750587,2.5703122564117664,0.0,0.0,1940.8321036895127,1940.8321036895127,PS
141,4.962379450548869,2.556830877392954,0.0,0.0,1940.8321036895127,1940.8321036895127,PS
142,4.936448363021025,2.5434700681408042,0.0,0.0,1940.8321036895127,1940.8321036895127,PS
143,4.910743233095573,2.5302256819434685,0.0,0.0,1940.8321036895127,1940.8321036895127,PS
144,4.885256012701027,2.5170935720890943,0.0,0.0,1940.8321036895127,1940.8321036895127,PS
145,4.859978653765903,2.5040695918658322,0.0,0.0,1940.8321036895127,1940.8321036895127,PS
146,4.8349031082187155,2.4911495945618314,0.0,0.0,1940.8321036895127,1940.8321036895127,PS
147,4.810021327987982,2.478329433465241,0.0,0.0,1940.8321036895127,1940.8321036895127,PS
148,4.785325265002219,2.4656049618642117,0.0,0.0,1940.8321036895127,1940.8321036895127,PS
149,4.760806871189941,2.4529720330468923,0.0,0.0,1940.8321036895127,1940.8321036895127,PS
150,4.736458098479664,2.4404265003014327,0.0,0.0,1940.8321036895127,1940.8321036895127,PS
151,4.712271567148693,2.4279645612779626,0.0,0.0,1940.8321036895127,1940.8321036895127,PS
152,4.688242570869503,2.4155837910745475,0.0,0.0,1940.8321036895127,1940.8321036895127,PS
153,4.664367071663351,2.40328210915123,0.0,0.0,1940.8321036895127,1940.8321036895127,PS
154,4.6406410315515,2.3910574349680545,0.0,0.0,1940.8321036895127,1940.8321036895127,PS
155,4.617060412555213,2.378907687985067,0.0,0.0,1940.8321036895127,1940.8321036895127,PS
156,4.5936211766957475,2.3668307876623103,0.0,0.0,1940.8321036895127,1940.8321036895127,PS
157,4.570319285994371,2.3548246534598305,0.0,0.0,1940.8321036895127,1940.8321036895127,PS
158,4.547150702472342,2.3428872048376723,0.0,0.0,1940.8321036895127,1940.8321036895127,PS
159,4.524111388150922,2.3310163612558794,0.0,0.0,1940.8321036895127,1940.8321036895127,PS
160,4.501197305051371,2.3192100421744963,0.0,0.0,1940.8321036895127,1940.8321036895127,PS
161,4.478404415194955,2.307466167053569,0.0,0.0,1940.8321036895127,1940.8321036895127,PS
162,4.455728680602929,2.2957826553531393,0.0,0.0,1940.8321036895127,1940.8321036895127,PS
163,4.433166063296562,2.2841574265332554,0.0,0.0,1940.8321036895127,1940.8321036895127,PS
164,4.410712525297109,2.272588400053959,0.0,0.0,1940.8321036895127,1940.8321036895127,PS
165,4.388364028625836,2.2610734953752964,0.0,0.0,1940.8321036895127,1940.8321036895127,PS
166,4.366116535304004,2.249610631957312,0.0,0.0,1940.8321036895127,1940.8321036895127,PS
167,4.343966007352871,2.238197729260049,0.0,0.0,1940.8321036895127,1940.8321036895127,PS
168,4.321908406793704,2.2268327067435543,0.0,0.0,1940.8321036895127,1940.8321036895127,PS
169,4.299939695647759,2.21551348386787,0.0,0.0,1940.8321036895127,1940.8321036895127,PS
170,4.278055835936304,2.204237980093044,0.0,0.0,1940.8321036895127,1940.8321036895127,PS
171,4.256252789680593,2.193004114879116,0.0,0.0,1940.8321036895127,1940.8321036895127,PS
172,4.234526518901895,2.181809807686136,0.0,0.0,1940.8321036895127,1940.8321036895127,PS
173,4.212872985621465,2.1706529779741452,0.0,0.0,1940.8321036895127,1940.8321036895127,PS
174,4.191288151860569,2.1595315452031887,0.0,0.0,1940.8321036895127,1940.8321036895127,PS
175,4.1697679796404685,2.1484434288333127,0.0,0.0,1940.8321036895127,1940.8321036895127,PS
176,4.148308430982422,2.13738654832456,0.0,0.0,1940.8321036895127,1940.8321036895127,PS
177,4.126905467907693,2.1263588231369757,0.0,0.0,1940.8321036895127,1940.8321036895127,PS
178,4.105555052437543,2.115358172730605,0.0,0.0,1940.8321036895127,1940.8321036895127,PS
179,4.084253146593233,2.104382516565491,0.0,0.0,1940.8321036895127,1940.8321036895127,PS
180,4.062995712396026,2.09342977410168,0.0,0.0,1940.8321036895127,1940.8321036895127,PS
181,4.041778711867181,2.0824978647992163,0.0,0.0,1940.8321036895127,1940.8321036895127,PS
182,4.020598107027962,2.071584708118144,0.0,0.0,1940.8321036895127,1940.8321036895127,PS
183,3.999449859899631,2.060688223518508,0.0,0.0,1940.8321036895127,1940.8321036895127,PS
184,3.978329932503447,2.0498063304603527,0.0,0.0,1940.8321036895127,1940.8321036895127,PS
185,3.957234286860672,2.0389369484037223,0.0,0.0,1940.8321036895127,1940.8321036895127,PS
186,3.9361588849925697,2.0280779968086624,0.0,0.0,1940.8321036895127,1940.8321036895127,PS
187,3.9150996889204,2.0172273951352175,0.0,0.0,1940.8321036895127,1940.8321036895127,PS
188,3.8940526606654258,2.006383062843432,0.0,0.0,1940.8321036895127,1940.8321036895127,PS
189,3.8730137622489056,1.9955429193933492,0.0,0.0,1940.8321036895127,1940.8321036895127,PS
190,3.851978955692104,1.9847048842450152,0.0,0.0,1940.8321036895127,1940.8321036895127,PS
191,3.8309442030162826,1.973866876858475,0.0,0.0,1940.8321036895127,1940.8321036895127,PS
192,3.809905466242701,1.963026816693772,0.0,0.0,1940.8321036895127,1940.8321036895127,PS
193,3.78885870739262,1.9521826232109503,0.0,0.0,1940.8321036895127,1940.8321036895127,PS
194,3.767799888487305,1.9413322158700568,0.0,0.0,1940.8321036895127,1940.8321036895127,PS
195,3.746724971548016,1.9304735141311347,0.0,0.0,1940.8321036895127,1940.8321036895127,PS
196,3.7256299185960136,1.9196044374542283,0.0,0.0,1940.8321036895127,1940.8321036895127,PS
197,3.704510691652559,1.9087229052993826,0.0,0.0,1940.8321036895127,1940.8321036895127,PS
198,3.683363252738914,1.8978268371266418,0.0,0.0,1940.8321036895127,1940.8321036895127,PS
199,3.6621835638763423,1.8869141523960515,0.0,0.0,1940.8321036895127,1940.8321036895127,PS
200,3.640967587086103,1.8759827705676555,0.0,0.0,1940.8321036895127,1940.8321036895127,PS
201,3.6196876243320384,1.86501842042443,0.0,0.0,1940.8321036895127,1940.8321036895127,PS
202,3.5982213373483036,1.8539580680410748,0.0,0.0,1940.8321036895127,1940.8321036895127,PS
203,3.5764227278116367,1.8427264888152222,0.0,0.0,1940.8321036895127,1940.8321036895127,PS
204,3.5541457973987716,1.8312484581445025,0.0,0.0,1940.8321036895127,1940.8321036895127,PS
205,3.5312445477864465,1.819448751426549,0.0,0.0,1940.8321036895127,1940.8321036895127,PS
206,3.507572980651395,1.8072521440589915,0.0,0.0,1940.8321036895127,1940.8321036895127,PS
207,3.4829850976703547,1.7945834114394628,0.0,0.0,1940.8321036895127,1940.8321036895127,PS
208,3.4573349005200606,1.7813673289655934,0.0,0.0,1940.8321036895127,1940.8321036895127,PS
209,3.4304763908772493,1.7675286720350152,0.0,0.0,1940.8321036895127,1940.8321036895127,PS
210,3.402263570418656,1.7529922160453597,0.0,0.0,1940.8321036895127,1940.8321036895127,PS
1,77.37087670071905,34.19839621408684,0.0,0.0,2262.4124305820164,2262.4124305820164,TOI
2,69.27376072755295,30.619421901660942,0.0,0.0,2262.4124305820164,2262.4124305820164,TOI
3,63.47657940063945,28.05703263587082,0.0,0.0,2262.4124305820164,2262.4124305820164,TOI
4,59.29991145264838,26.210920100626037,0.0,0.0,2262.4124305820164,2262.4124305820164,TOI
5,56.06433561624964,24.78077597983619,0.0,0.0,2262.4124305820164,2262.4124305820164,TOI
6,53.19971609559677,23.51459679785745,0.0,0.0,2262.4124305820164,2262.4124305820164,TOI
7,50.57305898077784,22.35359844083233,0.0,0.0,2262.4124305820164,2262.4124305820164,TOI
8,48.16065583336465,21.287301635349966,0.0,0.0,2262.4124305820164,2262.4124305820164,TOI
9,45.93879821492892,20.305227107999464,0.0,0.0,2262.4124305820164,2262.4124305820164,TOI
10,43.88377768704244,19.39689558536996,0.0,0.0,2262.4124305820164,2262.4124305820164,TOI
11,41.97188581127698,18.551827794050578,0.0,0.0,2262.4124305820164,2262.4124305820164,TOI
12,40.179414149204256,17.759544460630423,0.0,0.0,2262.4124305820164,2262.4124305820164,TOI
13,38.48265426239605,17.00956631169862,0.0,0.0,2262.4124305820164,2262.4124305820164,TOI
14,36.85789771242415,16.2914140738443,0.0,0.0,2262.4124305820164,2262.4124305820164,TOI
15,35.28143606086028,15.594608473656573,0.0,0.0,2262.4124305820164,2262.4124305820164,TOI
16,33.734061385274224,14.910659493059793,0.0,0.0,2262.4124305820164,2262.4124305820164,TOI
17,32.21456782722778,14.239034135319187,0.0,0.0,2262.4124305820164,2262.4124305820164,TOI
18,30.726250044280764,13.58118865903521,0.0,0.0,2262.4124305820164,2262.4124305820164,TOI
19,29.272402693993,12.938579322808323,0.0,0.0,2262.4124305820164,2262.4124305820164,TOI
20,27.85632043392427,12.312662385238973,0.0,0.0,2262.4124305820164,2262.4124305820164,TOI
21,26.481297921634415,11.704894104927622,0.0,0.0,2262.4124305820164,2262.4124305820164,TOI
22,25.15062981468325,11.116730740474729,0.0,0.0,2262.4124305820164,2262.4124305820164,TOI
23,23.86761077063057,10.54962855048074,0.0,0.0,2262.4124305820164,2262.4124305820164,TOI
24,22.63553544703619,10.005043793546118,0.0,0.0,2262.4124305820164,2262.4124305820164,TOI
25,21.457698501459937,9.484432728271317,0.0,0.0,2262.4124305820164,2262.4124305820164,TOI
26,20.337394591461607,8.989251613256789,0.0,0.0,2262.4124305820164,2262.4124305820164,TOI
27,19.27791837460102,8.520956707102993,0.0,0.0,2262.4124305820164,2262.4124305820164,TOI
28,18.28256450843799,8.081004268410386,0.0,0.0,2262.4124305820164,2262.4124305820164,TOI
29,17.354627650532326,7.670850555779418,0.0,0.0,2262.4124305820164,2262.4124305820164,TOI
30,16.497402458443844,7.29195182781055,0.0,0.0,2262.4124305820164,2262.4124305820164,TOI
31,15.713019000094045,6.945249587429023,0.0,0.0,2262.4124305820164,2262.4124305820164,TOI
32,14.998948984851127,6.6296263148592125,0.0,0.0,2262.4124305820164,2262.4124305820164,TOI
33,14.35149953244501,6.34344973465029,0.0,0.0,2262.4124305820164,2262.4124305820164,TOI
34,13.766977762605576,6.0850875713514165,0.0,0.0,2262.4124305820164,2262.4124305820164,TOI
35,13.24169079506273,5.852907549511758,0.0,0.0,2262.4124305820164,2262.4124305820164,TOI
36,12.771945749546369,5.645277393680481,0.0,0.0,2262.4124305820164,2262.4124305820164,TOI
37,12.35404974578639,5.460564828406752,0.0,0.0,2262.4124305820164,2262.4124305820164,TOI
38,11.98430990351269,5.297137578239733,0.0,0.0,2262.4124305820164,2262.4124305820164,TOI
39,11.659033342455176,5.153363367728595,0.0,0.0,2262.4124305820164,2262.4124305820164,TOI
40,11.374527182343734,5.027609921422498,0.0,0.0,2262.4124305820164,2262.4124305820164,TOI
41,11.127098542908271,4.918244963870611,0.0,0.0,2262.4124305820164,2262.4124305820164,TOI
42,10.913054543878683,4.8236362196221,0.0,0.0,2262.4124305820164,2262.4124305820164,TOI
43,10.728702304984864,4.742151413226126,0.0,0.0,2262.4124305820164,2262.4124305820164,TOI
44,10.570348945956711,4.672158269231857,0.0,0.0,2262.4124305820164,2262.4124305820164,TOI
45,10.434301586524136,4.612024512188461,0.0,0.0,2262.4124305820164,2262.4124305820164,TOI
46,10.316867346417023,4.5601178666451005,0.0,0.0,2262.4124305820164,2262.4124305820164,TOI
47,10.214353345365277,4.514806057150944,0.0,0.0,2262.4124305820164,2262.4124305820164,TOI
48,10.12306670309879,4.474456808255152,0.0,0.0,2262.4124305820164,2262.4124305820164,TOI
49,10.039314539347464,4.437437844506893,0.0,0.0,2262.4124305820164,2262.4124305820164,TOI
50,9.9594039738412,4.402116890455334,0.0,0.0,2262.4124305820164,2262.4124305820164,TOI
51,9.88025977020846,4.367134672994489,0.0,0.0,2262.4124305820164,2262.4124305820164,TOI
52,9.801277267671964,4.3322239283977675,0.0,0.0,2262.4124305820164,2262.4124305820164,TOI
53,9.72246944935301,4.297390395283436,0.0,0.0,2262.4124305820164,2262.4124305820164,TOI
54,9.643849298372883,4.262639812269754,0.0,0.0,2262.4124305820164,2262.4124305820164,TOI
55,9.565429797852875,4.227977917974983,0.0,0.0,2262.4124305820164,2262.4124305820164,TOI
56,9.487223930914285,4.193410451017391,0.0,0.0,2262.4124305820164,2262.4124305820164,TOI
57,9.409244680678386,4.15894315001523,0.0,0.0,2262.4124305820164,2262.4124305820164,TOI
58,9.331505030266484,4.124581753586772,0.0,0.0,2262.4124305820164,2262.4124305820164,TOI
59,9.25401796279986,4.090332000350272,0.0,0.0,2262.4124305820164,2262.4124305820164,TOI
60,9.176796461399812,4.056199628923996,0.0,0.0,2262.4124305820164,2262.4124305820164,TOI
61,9.099853509187623,4.022190377926204,0.0,0.0,2262.4124305820164,2262.4124305820164,TOI
62,9.02320208928459,3.98830998597516,0.0,0.0,2262.4124305820164,2262.4124305820164,TOI
63,8.946855184812,3.9545641916891245,0.0,0.0,2262.4124305820164,2262.4124305820164,TOI
64,8.870825778891147,3.920958733686362,0.0,0.0,2262.4124305820164,2262.4124305820164,TOI
65,8.795126854643318,3.887499350585131,0.0,0.0,2262.4124305820164,2262.4124305820164,TOI
66,8.719771395189804,3.8541917810036965,0.0,0.0,2262.4124305820164,2262.4124305820164,TOI
67,8.644772383651897,3.82104176356032,0.0,0.0,2262.4124305820164,2262.4124305820164,TOI
68,8.570142803150887,3.788055036873262,0.0,0.0,2262.4124305820164,2262.4124305820164,TOI
69,8.495895636808065,3.7552373395607868,0.0,0.0,2262.4124305820164,2262.4124305820164,TOI
70,8.422043867744723,3.722594410241156,0.0,0.0,2262.4124305820164,2262.4124305820164,TOI
71,8.348600479082144,3.6901319875326295,0.0,0.0,2262.4124305820164,2262.4124305820164,TOI
72,8.27557845394163,3.6578558100534737,0.0,0.0,2262.4124305820164,2262.4124305820164,TOI
73,8.20299077544446,3.6257716164219453,0.0,0.0,2262.4124305820164,2262.4124305820164,TOI
74,8.130850426711937,3.593885145256313,0.0,0.0,2262.4124305820164,2262.4124305820164,TOI
75,8.059170390865342,3.5622021351748328,0.0,0.0,2262.4124305820164,2262.4124305820164,TOI
76,7.987963651025968,3.5307283247957697,0.0,0.0,2262.4124305820164,2262.4124305820164,TOI
77,7.917243190315107,3.4994694527373853,0.0,0.0,2262.4124305820164,2262.4124305820164,TOI
78,7.847021991854047,3.4684312576179415,0.0,0.0,2262.4124305820164,2262.4124305820164,TOI
79,7.7773130387640785,3.4376194780556997,0.0,0.0,2262.4124305820164,2262.4124305820164,TOI
80,7.708129314166496,3.4070398526689245,0.0,0.0,2262.4124305820164,2262.4124305820164,TOI
81,7.639483801182587,3.3766981200758757,0.0,0.0,2262.4124305820164,2262.4124305820164,TOI
82,7.571389482933643,3.3466000188948164,0.0,0.0,2262.4124305820164,2262.4124305820164,TOI
83,7.503859342540956,3.316751287744009,0.0,0.0,2262.4124305820164,2262.4124305820164,TOI
84,7.436906363125814,3.2871576652417147,0.0,0.0,2262.4124305820164,2262.4124305820164,TOI
85,7.370543527809507,3.2578248900061952,0.0,0.0,2262.4124305820164,2262.4124305820164,TOI
86,7.304783819713328,3.2287587006557144,0.0,0.0,2262.4124305820164,2262.4124305820164,TOI
87,7.239640221958567,3.199964835808533,0.0,0.0,2262.4124305820164,2262.4124305820164,TOI
88,7.175125717666513,3.171449034082914,0.0,0.0,2262.4124305820164,2262.4124305820164,TOI
89,7.11125328995846,3.1432170340971193,0.0,0.0,2262.4124305820164,2262.4124305820164,TOI
90,7.048035921955694,3.1152745744694093,0.0,0.0,2262.4124305820164,2262.4124305820164,TOI
91,6.985486596779508,3.0876273938180487,0.0,0.0,2262.4124305820164,2262.4124305820164,TOI
92,6.923618297551194,3.0602812307612983,0.0,0.0,2262.4124305820164,2262.4124305820164,TOI
93,6.86244400739204,3.0332418239174204,0.0,0.0,2262.4124305820164,2262.4124305820164,TOI
94,6.801976709423338,3.0065149119046772,0.0,0.0,2262.4124305820164,2262.4124305820164,TOI
95,6.742229386766376,2.98010623334133,0.0,0.0,2262.4124305820164,2262.4124305820164,TOI
96,6.6832150225424485,2.9540215268456422,0.0,0.0,2262.4124305820164,2262.4124305820164,TOI
97,6.624946599872844,2.928266531035875,0.0,0.0,2262.4124305820164,2262.4124305820164,TOI
98,6.567437101878851,2.9028469845302904,0.0,0.0,2262.4124305820164,2262.4124305820164,TOI
99,6.510699511681765,2.877768625947152,0.0,0.0,2262.4124305820164,2262.4124305820164,TOI
100,6.454746812402875,2.8530371939047203,0.0,0.0,2262.4124305820164,2262.4124305820164,TOI
101,6.3995876822262945,2.828656524212948,0.0,0.0,2262.4124305820164,2262.4124305820164,TOI
102,6.345213579587459,2.8046228414485515,0.0,0.0,2262.4124305820164,2262.4124305820164,TOI
103,6.291611657984622,2.7809304673799353,0.0,0.0,2262.4124305820164,2262.4124305820164,TOI
104,6.238769070916041,2.7575737237755042,0.0,0.0,2262.4124305820164,2262.4124305820164,TOI
105,6.186672971879971,2.7345469324036644,0.0,0.0,2262.4124305820164,2262.4124305820164,TOI
106,6.135310514374671,2.711844415032821,0.0,0.0,2262.4124305820164,2262.4124305820164,TOI
107,6.084668851898398,2.68946049343138,0.0,0.0,2262.4124305820164,2262.4124305820164,TOI
108,6.034735137949405,2.6673894893677454,0.0,0.0,2262.4124305820164,2262.4124305820164,TOI
109,5.985496526025955,2.6456257246103254,0.0,0.0,2262.4124305820164,2262.4124305820164,TOI
110,5.9369401696263,2.624163520927523,0.0,0.0,2262.4124305820164,2262.4124305820164,TOI
111,5.889053222248696,2.6029972000877444,0.0,0.0,2262.4124305820164,2262.4124305820164,TOI
112,5.841822837391405,2.5821210838593953,0.0,0.0,2262.4124305820164,2262.4124305820164,TOI
113,5.7952361685526785,2.5615294940108804,0.0,0.0,2262.4124305820164,2262.4124305820164,TOI
114,5.749280369230776,2.541216752310606,0.0,0.0,2262.4124305820164,2262.4124305820164,TOI
115,5.703942592923955,2.5211771805269776,0.0,0.0,2262.4124305820164,2262.4124305820164,TOI
116,5.659209993130467,2.501405100428399,0.0,0.0,2262.4124305820164,2262.4124305820164,TOI
117,5.615069723348577,2.4818948337832785,0.0,0.0,2262.4124305820164,2262.4124305820164,TOI
118,5.571508937076535,2.4626407023600194,0.0,0.0,2262.4124305820164,2262.4124305820164,TOI
119,5.5285147878126,2.443637027927027,0.0,0.0,2262.4124305820164,2262.4124305820164,TOI
120,5.48607442905503,2.4248781322527084,0.0,0.0,2262.4124305820164,2262.4124305820164,TOI
121,5.44417501430208,2.4063583371054675,0.0,0.0,2262.4124305820164,2262.4124305820164,TOI
122,5.4028036970520095,2.3880719642537116,0.0,0.0,2262.4124305820164,2262.4124305820164,TOI
123,5.361947630803071,2.3700133354658437,0.0,0.0,2262.4124305820164,2262.4124305820164,TOI
124,5.3215939690535246,2.352176772510271,0.0,0.0,2262.4124305820164,2262.4124305820164,TOI
125,5.281729865301625,2.3345565971553977,0.0,0.0,2262.4124305820164,2262.4124305820164,TOI
126,5.242342473045632,2.317147131169631,0.0,0.0,2262.4124305820164,2262.4124305820164,TOI
127,5.203418945783798,2.299942696321375,0.0,0.0,2262.4124305820164,2262.4124305820164,TOI
128,5.164946437014384,2.2829376143790356,0.0,0.0,2262.4124305820164,2262.4124305820164,TOI
129,5.126912100235642,2.266126207111017,0.0,0.0,2262.4124305820164,2262.4124305820164,TOI
130,5.089303088945834,2.2495027962857272,0.0,0.0,2262.4124305820164,2262.4124305820164,TOI
131,5.052106556643215,2.23306170367157,0.0,0.0,2262.4124305820164,2262.4124305820164,TOI
132,5.015309656826039,2.2167972510369505,0.0,0.0,2262.4124305820164,2262.4124305820164,TOI
133,4.978899542992566,2.2007037601502746,0.0,0.0,2262.4124305820164,2262.4124305820164,TOI
134,4.942863368641051,2.184775552779948,0.0,0.0,2262.4124305820164,2262.4124305820164,TOI
135,4.907188287269753,2.169006950694377,0.0,0.0,2262.4124305820164,2262.4124305820164,TOI
136,4.871861452376924,2.153392275661964,0.0,0.0,2262.4124305820164,2262.4124305820164,TOI
137,4.836870017460828,2.1379258494511184,0.0,0.0,2262.4124305820164,2262.4124305820164,TOI
138,4.802201136019716,2.122601993830244,0.0,0.0,2262.4124305820164,2262.4124305820164,TOI
139,4.767841961551845,2.1074150305677444,0.0,0.0,2262.4124305820164,2262.4124305820164,TOI
140,4.733779647555475,2.0923592814320275,0.0,0.0,2262.4124305820164,2262.4124305820164,TOI
141,4.70000134752886,2.077429068191498,0.0,0.0,2262.4124305820164,2262.4124305820164,TOI
142,4.666494214970259,2.062618712614561,0.0,0.0,2262.4124305820164,2262.4124305820164,TOI
143,4.633245403377927,2.0479225364696227,0.0,0.0,2262.4124305820164,2262.4124305820164,TOI
144,4.600242066250121,2.0333348615250872,0.0,0.0,2262.4124305820164,2262.4124305820164,TOI
145,4.567471357085098,2.0188500095493613,0.0,0.0,2262.4124305820164,2262.4124305820164,TOI
146,4.534920429381114,2.00446230231085,0.0,0.0,2262.4124305820164,2262.4124305820164,TOI
147,4.502576436636428,1.9901660615779582,0.0,0.0,2262.4124305820164,2262.4124305820164,TOI
148,4.470426532349294,1.9759556091190922,0.0,0.0,2262.4124305820164,2262.4124305820164,TOI
149,4.438457870017972,1.9618252667026572,0.0,0.0,2262.4124305820164,2262.4124305820164,TOI
150,4.406657603140716,1.947769356097059,0.0,0.0,2262.4124305820164,2262.4124305820164,TOI
151,4.375014060911795,1.9337827187354613,0.0,0.0,2262.4124305820164,2262.4124305820164,TOI
152,4.3435202753095306,1.9198622747100709,0.0,0.0,2262.4124305820164,2262.4124305820164,TOI
153,4.3121704540082515,1.9060054637778512,0.0,0.0,2262.4124305820164,2262.4124305820164,TOI
154,4.28095880468229,1.8922097256957664,0.0,0.0,2262.4124305820164,2262.4124305820164,TOI
155,4.249879535005977,1.8784725002207823,0.0,0.0,2262.4124305820164,2262.4124305820164,TOI
156,4.218926852653642,1.864791227109861,0.0,0.0,2262.4124305820164,2262.4124305820164,TOI
157,4.188094965299618,1.8511633461199692,0.0,0.0,2262.4124305820164,2262.4124305820164,TOI
158,4.157378080618238,1.8375862970080714,0.0,0.0,2262.4124305820164,2262.4124305820164,TOI
159,4.12677040628383,1.824057519531131,0.0,0.0,2262.4124305820164,2262.4124305820164,TOI
160,4.0962661499707265,1.810574453446113,0.0,0.0,2262.4124305820164,2262.4124305820164,TOI
161,4.065859519353259,1.797134538509982,0.0,0.0,2262.4124305820164,2262.4124305820164,TOI
162,4.035544722105756,1.7837352144797016,0.0,0.0,2262.4124305820164,2262.4124305820164,TOI
163,4.005315965902552,1.7703739211122376,0.0,0.0,2262.4124305820164,2262.4124305820164,TOI
164,3.975167458417978,1.757048098164554,0.0,0.0,2262.4124305820164,2262.4124305820164,TOI
165,3.9450934073263633,1.743755185393615,0.0,0.0,2262.4124305820164,2262.4124305820164,TOI
166,3.915088020302041,1.730492622556386,0.0,0.0,2262.4124305820164,2262.4124305820164,TOI
167,3.88514550501934,1.71725784940983,0.0,0.0,2262.4124305820164,2262.4124305820164,TOI
168,3.8552600691525942,1.7040483057109133,0.0,0.0,2262.4124305820164,2262.4124305820164,TOI
169,3.825425920376132,1.6908614312165986,0.0,0.0,2262.4124305820164,2262.4124305820164,TOI
170,3.795637266364287,1.677694665683852,0.0,0.0,2262.4124305820164,2262.4124305820164,TOI
171,3.7658883147913897,1.6645454488696374,0.0,0.0,2262.4124305820164,2262.4124305820164,TOI
172,3.7361732733317705,1.6514112205309188,0.0,0.0,2262.4124305820164,2262.4124305820164,TOI
173,3.70648634965976,1.638289420424661,0.0,0.0,2262.4124305820164,2262.4124305820164,TOI
174,3.676821751449691,1.6251774883078285,0.0,0.0,2262.4124305820164,2262.4124305820164,TOI
175,3.6471736863758952,1.6120728639373867,0.0,0.0,2262.4124305820164,2262.4124305820164,TOI
176,3.6175363621127015,1.5989729870702987,0.0,0.0,2262.4124305820164,2262.4124305820164,TOI
177,3.587903986334443,1.5858752974635297,0.0,0.0,2262.4124305820164,2262.4124305820164,TOI
178,3.55827076671545,1.5727772348740445,0.0,0.0,2262.4124305820164,2262.4124305820164,TOI
179,3.528630910930053,1.5596762390588066,0.0,0.0,2262.4124305820164,2262.4124305820164,TOI
180,3.498978626652585,1.5465697497747817,0.0,0.0,2262.4124305820164,2262.4124305820164,TOI
181,3.4693081215573756,1.5334552067789335,0.0,0.0,2262.4124305820164,2262.4124305820164,TOI
182,3.4396136033187568,1.5203300498282268,0.0,0.0,2262.4124305820164,2262.4124305820164,TOI
183,3.4098892796110603,1.5071917186796264,0.0,0.0,2262.4124305820164,2262.4124305820164,TOI
184,3.3801293581086167,1.4940376530900965,0.0,0.0,2262.4124305820164,2262.4124305820164,TOI
185,3.350328046485755,1.4808652928166006,0.0,0.0,2262.4124305820164,2262.4124305820164,TOI
186,3.3204795524168107,1.4676720776161054,0.0,0.0,2262.4124305820164,2262.4124305820164,TOI
187,3.2905780835761114,1.4544554472455733,0.0,0.0,2262.4124305820164,2262.4124305820164,TOI
188,3.2606178476379903,1.4412128414619703,0.0,0.0,2262.4124305820164,2262.4124305820164,TOI
189,3.2305930522767774,1.4279417000222598,0.0,0.0,2262.4124305820164,2262.4124305820164,TOI
190,3.200497905166805,1.4146394626834071,0.0,0.0,2262.4124305820164,2262.4124305820164,TOI
191,3.1703266139824047,1.401303569202377,0.0,0.0,2262.4124305820164,2262.4124305820164,TOI
192,3.1400733863979045,1.3879314593361325,0.0,0.0,2262.4124305820164,2262.4124305820164,TOI
193,3.1097324300876377,1.374520572841639,0.0,0.0,2262.4124305820164,2262.4124305820164,TOI
194,3.0792979527259368,1.3610683494758613,0.0,0.0,2262.4124305820164,2262.4124305820164,TOI
195,3.048764161987132,1.347572228995764,0.0,0.0,2262.4124305820164,2262.4124305820164,TOI
196,3.018125265545553,1.3340296511583107,0.0,0.0,2262.4124305820164,2262.4124305820164,TOI
197,2.987375471075533,1.3204380557204667,0.0,0.0,2262.4124305820164,2262.4124305820164,TOI
198,2.9565089862514013,1.3067948824391957,0.0,0.0,2262.4124305820164,2262.4124305820164,TOI
199,2.925520018747492,1.2930975710714638,0.0,0.0,2262.4124305820164,2262.4124305820164,TOI
200,2.894402776238133,1.2793435613742337,0.0,0.0,2262.4124305820164,2262.4124305820164,TOI
201,2.863120291306102,1.2655165135251447,0.0,0.0,2262.4124305820164,2262.4124305820164,TOI
202,2.831510896167955,1.2515449693845324,0.0,0.0,2262.4124305820164,2262.4124305820164,TOI
203,2.799381747948694,1.237343691233406,0.0,0.0,2262.4124305820164,2262.4124305820164,TOI
204,2.766540003773318,1.2228274413527742,0.0,0.0,2262.4124305820164,2262.4124305820164,TOI
205,2.732792820766829,1.2079109820236469,0.0,0.0,2262.4124305820164,2262.4124305820164,TOI
206,2.6979473560542284,1.1925090755270331,0.0,0.0,2262.4124305820164,2262.4124305820164,TOI
207,2.661810766760517,1.1765364841439425,0.0,0.0,2262.4124305820164,2262.4124305820164,TOI
208,2.624190210010694,1.1599079701553836,0.0,0.0,2262.4124305820164,2262.4124305820164,TOI
209,2.5848928429297637,1.1425382958423667,0.0,0.0,2262.4124305820164,2262.4124305820164,TOI
210,2.543725822642724,1.1243422234859002,0.0,0.0,2262.4124305820164,2262.4124305820164,TOI
211,2.500496306274578,1.1052345153669942,0.0,0.0,2262.4124305820164,2262.4124305820164,TOI
212,2.4550114509503267,1.0851299337666578,0.0,0.0,2262.4124305820164,2262.4124305820164,TOI
213,2.4070784137949697,1.0639432409659,0.0,0.0,2262.4124305820164,2262.4124305820164,TOI
214,2.3565043519335087,1.0415891992457302,0.0,0.0,2262.4124305820164,2262.4124305820164,TOI
215,2.303096422490945,1.017982570887158,0.0,0.0,2262.4124305820164,2262.4124305820164,TOI
216,2.2466617825922786,0.9930381181711921,0.0,0.0,2262.4124305820164,2262.4124305820164,TOI
217,2.1870075893625116,0.9666706033788426,0.0,0.0,2262.4124305820164,2262.4124305820164,TOI
218,2.123940999926645,0.9387947887911186,0.0,0.0,2262.4124305820164,2262.4124305820164,TOI
219,2.057269171409679,0.9093254366890288,0.0,0.0,2262.4124305820164,2262.4124305820164,TOI
220,1.9867992609366152,0.8781773093535831,0.0,0.0,2262.4124305820164,2262.4124305820164,TOI
