Name,Position,Year,Selection,GPYr1,PSYr1,TOIYr1,GPYr2,PSYr2,TOIYr2,GPYr3,PSYr3,TOIYr3,GPYr4,PSYr4,TOIYr4,GPYr5,PSYr5,TOIYr5,GPYr6,PSYr6,TOIYr6,GPYr7,PSYr7,TOIYr7
John Tavares,C,2009,1,82,5.1,1476:34,79,7.4,1520:45,82,9.6,1686:36,48,6.6,997:11,59,7.7,1253:16,82,11.2,1695:12,78,9.3,1559:34
Victor Hedman,D,2009,2,74,3.9,1542:46,79,5.0,1659:42,61,2.9,1409:04,44,3.0,997:01,75,9.0,1682:49,59,7.0,1338:21,78,10.1,1799:10
Matt Duchene,C,2009,3,81,5.8,1436:22,80,7.1,1515:35,58,2.8,944:44,47,4.5,983:16,71,8.1,1313:16,82,6.2,1522:53,76,7.2,1412:53
Evander Kane,LW,2009,4,66,2.6,923:33,73,4.1,1303:57,74,7.8,1296:16,48,3.7,981:43,63,4.1,1278:13,37,2.4,714:34,65,3.8,1367:25
Brayden Schenn,C,2009,5,1,-0.1,12:31,8,0.0,89:59,54,1.5,762:43,47,2.3,729:52,82,4.6,1291:21,82,4.6,1400:34,80,7.4,1351:31
Oliver Ekman-Larsson,D,2009,6,0,N/A,0:00,48,2.0,721:42,82,6.7,1813:00,48,4.3,1204:37,80,8.3,2071:37,82,8.8,2067:27,75,9.5,1857:43
Nazem Kadri,C,2009,7,1,-0.1,17:26,29,0.7,457:29,21,0.9,297:21,48,6.2,770:30,78,5.2,1356:27,73,4.1,1284:59,76,4.0,1388:47
Scott Glennie,RW,2009,8,0,N/A,0:00,0,N/A,0:00,1,0.0,9:35,0,N/A,0:00,0,N/A,0:00,0,N/A,0:00,0,N/A,0:00
Jared Cowen,D,2009,9,1,0.0,6:46,0,N/A,0:00,82,2.7,1549:12,7,0.5,142:01,68,3.0,1394:50,54,1.0,980:08,37,1.2,628:14
Magnus Paajarvi,LW,2009,10,0,N/A,0:00,80,2.6,1231:05,41,-0.1,540:15,42,1.7,593:28,55,0.8,563:37,10,-0.1,97:58,48,0.0,616:48
Ryan Ellis,D,2009,11,0,N/A,0:00,0,N/A,0:00,32,2.5,474:29,32,1.3,524:08,80,5.7,1285:23,58,5.6,1100:57,79,7.6,1650:59
Calvin de Haan,D,2009,12,0,N/A,0:00,0,N/A,0:00,1,0.1,13:01,0,N/A,0:00,51,2.4,1072:14,65,2.3,1235:40,72,3.6,1485:34
Zack Kassian,RW,2009,13,0,N/A,0:00,0,N/A,0:00,17,0.1,174:51,39,0.9,525:44,73,3.3,943:49,42,1.8,529:58,36,0.2,448:16
Dmitry Kulikov,D,2009,14,68,2.9,1219:40,72,5.0,1436:26,58,4.8,1267:38,34,2.0,713:12,81,2.3,1757:09,73,4.3,1555:44,74,3.5,1556:33
Peter Holland,C,2009,15,0,N/A,0:00,0,N/A,0:00,4,0.2,30:49,21,0.6,243:23,39,0.9,451:37,62,2.7,900:19,65,1.8,953:17
Nick Leddy,D,2009,16,0,N/A,0:00,46,1.4,658:22,82,4.3,1810:46,48,4.5,836:08,82,5.5,1342:22,78,7.7,1588:13,81,5.9,1832:09
David Rundblad,D,2009,17,0,N/A,0:00,0,N/A,0:00,6,0.3,84:42,8,-0.2,109:52,5,-0.1,41:41,49,4.0,627:10,9,0.2,129:21
Louis Leblanc,C,2009,18,0,N/A,0:00,0,N/A,0:00,42,1.1,470:19,0,N/A,0:00,8,-0.1,78:58,0,N/A,0:00,0,N/A,0:00
Chris Kreider,C,2009,19,0,N/A,0:00,0,N/A,0:00,0,N/A,0:00,23,0.1,232:34,66,5.1,1038:06,80,6.4,1256:55,79,5.4,1260:36
Jacob Josefson,C,2009,20,0,N/A,0:00,28,1.2,370:38,41,1.0,496:03,22,-0.4,285:36,27,0.1,273:35,62,0.8,770:45,58,0.0,900:17
John Moore,D,2009,21,0,N/A,0:00,2,0.0,22:57,67,0.1,1060:03,13,1.7,153:03,74,4.1,1134:19,19,0.2,355:39,73,4.0,1448:11
Jordan Schroeder,C,2009,22,0,N/A,0:00,0,N/A,0:00,0,N/A,0:00,31,0.7,425:06,25,0.3,300:17,25,1.2,271:24,26,0.4,244:49
Tim Erixon,D,2009,23,0,N/A,0:00,0,N/A,0:00,18,0.3,233:57,31,1.5,486:35,2,0.2,28:41,15,0.0,236:59,0,N/A,0:00
Marcus Johansson,C/W,2009,24,0,N/A,0:00,69,2.8,1015:54,80,4.3,1344:17,34,2.2,563:55,80,2.5,1403:04,82,5.4,1350:57,74,5.4,1231:20
Jordan Caron,RW,2009,25,0,N/A,0:00,23,0.7,291:27,48,1.4,553:21,17,0.2,159:54,35,-0.7,382:21,19,-0.3,153:50,4,-0.2,32:30
Kyle Palmieri,RW,2009,26,0,N/A,0:00,10,0.0,86:52,18,1.0,207:22,42,2.6,517:44,71,3.7,847:54,57,3.3,803:31,82,8.2,1460:00
Philippe Paradis,C,2009,27,0,N/A,0:00,0,N/A,0:00,0,N/A,0:00,0,N/A,0:00,0,N/A,0:00,0,N/A,0:00,0,N/A,0:00
Dylan Olsen,D,2009,28,0,N/A,0:00,0,N/A,0:00,28,-0.2,364:46,0,N/A,0:00,44,2.0,679:13,44,1.2,699:44,8,0.1,110:01
Carter Ashton,RW,2009,29,0,N/A,0:00,0,N/A,0:00,15,-0.7,156:15,0,N/A,0:00,32,0.0,200:45,7,-0.2,43:34,0,N/A,0:00
Simon Despres,D,2009,30,0,N/A,0:00,0,N/A,0:00,18,1.1,255:58,33,1.9,498:50,34,1.6,569:14,16,1.1,298:35,32,1.5,628:05
Mikko Koskinen,G,2009,31,0,N/A,0:00,0,N/A,0:00,0,N/A,0:00,0,N/A,0:00,0,N/A,0:00,0,N/A,0:00,0,N/A,0:00
Landon Ferraro,C,2009,32,0,N/A,0:00,0,N/A,0:00,0,N/A,0:00,0,N/A,0:00,4,-0.1,35:54,3,0.2,35:57,58,0.2,626:00
Ryan O'Reilly,C,2009,33,81,1.2,1358:04,74,1.7,1188:14,81,5.7,1581:58,29,1.9,536:44,80,7.1,1585:38,82,5.2,1617:06,71,6.4,1543:11
Carl Klingberg,LW,2009,34,0,N/A,0:00,1,0.0,10:22,6,-0.1,32:59,0,N/A,0:00,3,0.3,26:37,2,-0.1,6:37,0,N/A,0:00
Kyle Clifford,LW,2009,35,0,N/A,0:00,76,0.8,722:21,81,0.6,761:59,48,1.6,509:06,71,0.4,721:26,80,1.2,859:04,56,0.4,523:35
Chris Brown,C,2009,36,0,N/A,0:00,0,N/A,0:00,0,N/A,0:00,5,-0.1,38:11,6,0.2,58:14,5,0.2,32:18,1,0.0,7:41
Mat Clark,D,2009,37,0,N/A,0:00,0,N/A,0:00,2,-0.1,22:03,0,N/A,0:00,0,N/A,0:00,7,0.3,89:24,0,N/A,0:00
Alex Chiasson,RW,2009,38,0,N/A,0:00,0,N/A,0:00,0,N/A,0:00,7,1.4,98:34,79,2.4,1194:01,76,2.1,1016:36,77,0.6,1050:05
Jakob Silfverberg,LW,2009,39,0,N/A,0:00,0,N/A,0:00,0,N/A,0:00,48,2.4,778:59,52,2.3,741:41,81,4.2,1268:35,82,5.0,1391:54
Anton Lander,C,2009,40,0,N/A,0:00,0,N/A,0:00,56,-0.4,594:24,11,-0.3,121:18,27,-0.9,368:14,38,1.6,570:27,61,-1.1,737:01
Zach Budish,RW,2009,41,0,N/A,0:00,0,N/A,0:00,0,N/A,0:00,0,N/A,0:00,0,N/A,0:00,0,N/A,0:00,0,N/A,0:00
Charles-Olivier Roussel,D,2009,42,0,N/A,0:00,0,N/A,0:00,0,N/A,0:00,0,N/A,0:00,0,N/A,0:00,0,N/A,0:00,0,N/A,0:00
William Wrenn,D,2009,43,0,N/A,0:00,0,N/A,0:00,0,N/A,0:00,0,N/A,0:00,0,N/A,0:00,0,N/A,0:00,0,N/A,0:00
Drew Shore,C,2009,44,0,N/A,0:00,0,N/A,0:00,0,N/A,0:00,43,0.4,679:42,24,0.8,287:52,11,0.0,117:18,2,0.1,27:59
Jeremy Morin,LW,2009,45,0,N/A,0:00,9,0.4,108:52,3,-0.1,26:35,3,0.3,39:04,24,1.6,219:57,28,0.4,322:34,0,N/A,0:00
Robin Lehner,G,2009,46,0,N/A,0:00,0,N/A,0:00,0,N/A,0:00,0,N/A,0:00,0,N/A,0:00,0,N/A,0:00,0,N/A,0:00
Ethan Werek,C,2009,47,0,N/A,0:00,0,N/A,0:00,0,N/A,0:00,0,N/A,0:00,0,N/A,0:00,0,N/A,0:00,0,N/A,0:00
Brett Ponich,D,2009,48,0,N/A,0:00,0,N/A,0:00,0,N/A,0:00,0,N/A,0:00,0,N/A,0:00,0,N/A,0:00,0,N/A,0:00
Stefan Elliott,D,2009,49,0,N/A,0:00,0,N/A,0:00,39,2.9,668:32,18,0.6,315:05,1,0.2,16:51,5,-0.1,69:40,2,-0.1,27:01
Kenny Ryan,RW,2009,50,0,N/A,0:00,0,N/A,0:00,0,N/A,0:00,0,N/A,0:00,0,N/A,0:00,0,N/A,0:00,0,N/A,0:00
Brian Dumoulin,D,2009,51,0,N/A,0:00,0,N/A,0:00,0,N/A,0:00,0,N/A,0:00,6,0.3,115:24,8,0.3,125:22,79,3.7,1491:58
Richard Panik,RW,2009,52,0,N/A,0:00,0,N/A,0:00,0,N/A,0:00,25,0.9,283:13,50,0.2,634:37,76,1.4,885:00,30,1.2,325:01
Anton Rodin,RW,2009,53,0,N/A,0:00,0,N/A,0:00,0,N/A,0:00,0,N/A,0:00,0,N/A,0:00,0,N/A,0:00,0,N/A,0:00
Eric Gelinas,D,2009,54,0,N/A,0:00,0,N/A,0:00,0,N/A,0:00,1,-0.1,15:59,60,5.3,1015:26,61,4.0,1004:07,6,0.2,76:09
Dmitry Orlov,D,2009,55,0,N/A,0:00,0,N/A,0:00,60,3.4,1012:29,5,0.6,74:43,54,2.4,1058:17,0,N/A,0:00,82,5.9,1314:10
Kevin Lynch,C,2009,56,0,N/A,0:00,0,N/A,0:00,0,N/A,0:00,0,N/A,0:00,0,N/A,0:00,0,N/A,0:00,0,N/A,0:00
Taylor Doherty,D,2009,57,0,N/A,0:00,0,N/A,0:00,0,N/A,0:00,0,N/A,0:00,0,N/A,0:00,0,N/A,0:00,0,N/A,0:00
Jesse Blacker,D,2009,58,0,N/A,0:00,0,N/A,0:00,0,N/A,0:00,0,N/A,0:00,0,N/A,0:00,1,-0.2,6:03,0,N/A,0:00
Brandon Pirri,C,2009,59,0,N/A,0:00,1,-0.1,8:56,5,0.2,67:35,1,0.0,17:55,21,1.9,292:42,49,4.2,723:43,9,0.7,114:35
Tomas Tatar,C,2009,60,0,N/A,0:00,9,0.1,86:25,0,N/A,0:00,18,1.0,204:44,73,5.3,1047:36,82,7.7,1330:18,81,5.8,1162:27
Philip Samuelsson,D,2009,61,0,N/A,0:00,0,N/A,0:00,0,N/A,0:00,0,N/A,0:00,5,0.0,77:52,4,-0.2,67:32,4,0.0,63:33
Anders Nilsson,G,2009,62,0,N/A,0:00,0,N/A,0:00,0,N/A,0:00,0,N/A,0:00,0,N/A,0:00,0,N/A,0:00,0,N/A,0:00
Ben Hanowski,W,2009,63,0,N/A,0:00,0,N/A,0:00,0,N/A,0:00,5,0.1,66:28,11,0.0,79:43,0,N/A,0:00,0,N/A,0:00
Tyson Barrie,D,2009,64,0,N/A,0:00,0,N/A,0:00,10,0.0,176:28,32,1.3,690:37,64,7.6,1186:41,80,9.4,1709:14,78,7.2,1809:34
Joonas Nattinen,C,2009,65,0,N/A,0:00,0,N/A,0:00,0,N/A,0:00,0,N/A,0:00,1,0.0,1:45,0,N/A,0:00,0,N/A,0:00
Brayden McNabb,D,2009,66,0,N/A,0:00,0,N/A,0:00,25,1.4,445:58,0,N/A,0:00,12,0.4,206:44,71,5.0,1128:50,81,4.2,1524:01
Josh Birkholz,RW,2009,67,0,N/A,0:00,0,N/A,0:00,0,N/A,0:00,0,N/A,0:00,0,N/A,0:00,0,N/A,0:00,0,N/A,0:00
Jamie Devane,LW,2009,68,0,N/A,0:00,0,N/A,0:00,0,N/A,0:00,0,N/A,0:00,2,-0.1,11:43,0,N/A,0:00,0,N/A,0:00
Reilly Smith,RW,2009,69,0,N/A,0:00,0,N/A,0:00,3,-0.2,25:12,37,0.6,403:56,82,6.9,1205:55,81,4.1,1247:26,82,6.6,1526:06
Taylor Beck,RW,2009,70,0,N/A,0:00,0,N/A,0:00,0,N/A,0:00,16,0.7,257:30,7,-0.2,89:53,62,1.2,739:39,2,0.0,16:58
Troy Hesketh,D,2009,71,0,N/A,0:00,0,N/A,0:00,0,N/A,0:00,0,N/A,0:00,0,N/A,0:00,0,N/A,0:00,0,N/A,0:00
Michael Latta,C,2009,72,0,N/A,0:00,0,N/A,0:00,0,N/A,0:00,0,N/A,0:00,17,0.3,131:05,53,0.1,444:03,43,0.5,347:41
Alexander Urbom,D,2009,73,0,N/A,0:00,8,0.2,100:38,5,0.4,67:59,1,-0.1,14:11,20,0.7,292:07,0,N/A,0:00,0,N/A,0:00
Ryan Howse,LW,2009,74,0,N/A,0:00,0,N/A,0:00,0,N/A,0:00,0,N/A,0:00,0,N/A,0:00,0,N/A,0:00,0,N/A,0:00
Andrej Nestrasil,RW,2009,75,0,N/A,0:00,0,N/A,0:00,0,N/A,0:00,0,N/A,0:00,0,N/A,0:00,41,2.2,577:12,55,2.7,789:18
Igor Bobkov,G,2009,76,0,N/A,0:00,0,N/A,0:00,0,N/A,0:00,0,N/A,0:00,0,N/A,0:00,0,N/A,0:00,0,N/A,0:00
Matt Hackett,G,2009,77,0,N/A,0:00,0,N/A,0:00,0,N/A,0:00,0,N/A,0:00,0,N/A,0:00,0,N/A,0:00,0,N/A,0:00
Sergei Andronov,RW,2009,78,0,N/A,0:00,0,N/A,0:00,0,N/A,0:00,0,N/A,0:00,0,N/A,0:00,0,N/A,0:00,0,N/A,0:00
Mac Bennett,D,2009,79,0,N/A,0:00,0,N/A,0:00,0,N/A,0:00,0,N/A,0:00,0,N/A,0:00,0,N/A,0:00,0,N/A,0:00
Ryan Bourque,C,2009,80,0,N/A,0:00,0,N/A,0:00,0,N/A,0:00,0,N/A,0:00,0,N/A,0:00,1,-0.1,11:49,0,N/A,0:00
Adam Morrison,G,2009,81,0,N/A,0:00,0,N/A,0:00,0,N/A,0:00,0,N/A,0:00,0,N/A,0:00,0,N/A,0:00,0,N/A,0:00
Cameron Abney,RW,2009,82,0,N/A,0:00,0,N/A,0:00,0,N/A,0:00,0,N/A,0:00,0,N/A,0:00,0,N/A,0:00,0,N/A,0:00
Kevin Connauton,D,2009,83,0,N/A,0:00,0,N/A,0:00,0,N/A,0:00,0,N/A,0:00,36,0.9,551:54,54,3.8,908:41,38,1.7,667:10
Nicolas Deslauriers,D,2009,84,0,N/A,0:00,0,N/A,0:00,0,N/A,0:00,0,N/A,0:00,17,-0.5,223:25,82,-0.2,973:29,70,0.4,722:59
Cody Eakin,C,2009,85,0,N/A,0:00,0,N/A,0:00,30,1.0,278:18,48,2.2,724:04,81,2.8,1403:51,78,4.0,1341:05,82,3.4,1342:11
Ryan Button,D,2009,86,0,N/A,0:00,0,N/A,0:00,0,N/A,0:00,0,N/A,0:00,0,N/A,0:00,0,N/A,0:00,0,N/A,0:00
Simon Bertilsson,D,2009,87,0,N/A,0:00,0,N/A,0:00,0,N/A,0:00,0,N/A,0:00,0,N/A,0:00,0,N/A,0:00,0,N/A,0:00
Mattias Lindstrom,LW,2009,88,0,N/A,0:00,0,N/A,0:00,0,N/A,0:00,0,N/A,0:00,0,N/A,0:00,0,N/A,0:00,0,N/A,0:00
Dan Delisle,C/LW,2009,89,0,N/A,0:00,0,N/A,0:00,0,N/A,0:00,0,N/A,0:00,0,N/A,0:00,0,N/A,0:00,0,N/A,0:00
Gleason Fournier,D,2009,90,0,N/A,0:00,0,N/A,0:00,0,N/A,0:00,0,N/A,0:00,0,N/A,0:00,0,N/A,0:00,0,N/A,0:00
Mike Lee,G,2009,91,0,N/A,0:00,0,N/A,0:00,0,N/A,0:00,0,N/A,0:00,0,N/A,0:00,0,N/A,0:00,0,N/A,0:00
Casey Cizikas,C,2009,92,0,N/A,0:00,0,N/A,0:00,15,0.2,159:01,45,1.5,485:24,80,0.1,1069:53,70,1.3,876:11,80,2.6,1014:33
Alex Hutchings,LW,2009,93,0,N/A,0:00,0,N/A,0:00,0,N/A,0:00,0,N/A,0:00,0,N/A,0:00,0,N/A,0:00,0,N/A,0:00
David Savard,D,2009,94,0,N/A,0:00,0,N/A,0:00,31,1.9,513:49,4,-0.2,52:48,70,3.7,1248:01,82,6.4,1881:24,65,3.8,1506:13
Jean-Francois Berube,G,2009,95,0,N/A,0:00,0,N/A,0:00,0,N/A,0:00,0,N/A,0:00,0,N/A,0:00,0,N/A,0:00,0,N/A,0:00
Linden Vey,RW,2009,96,0,N/A,0:00,0,N/A,0:00,0,N/A,0:00,0,N/A,0:00,18,0.2,218:24,75,2.0,987:51,41,0.6,645:49
Jordan Szwarz,RW,2009,97,0,N/A,0:00,0,N/A,0:00,0,N/A,0:00,0,N/A,0:00,26,0.0,224:49,9,0.0,121:13,0,N/A,0:00
Craig Smith,C,2009,98,0,N/A,0:00,0,N/A,0:00,72,3.4,1021:30,44,0.3,609:42,79,7.0,1295:33,82,5.8,1290:43,82,4.7,1245:09
Kyle Bigos,D,2009,99,0,N/A,0:00,0,N/A,0:00,0,N/A,0:00,0,N/A,0:00,0,N/A,0:00,0,N/A,0:00,0,N/A,0:00
Chris Wideman,D,2009,100,0,N/A,0:00,0,N/A,0:00,0,N/A,0:00,0,N/A,0:00,0,N/A,0:00,0,N/A,0:00,64,2.7,892:49
Toni Rajala,LW,2009,101,0,N/A,0:00,0,N/A,0:00,0,N/A,0:00,0,N/A,0:00,0,N/A,0:00,0,N/A,0:00,0,N/A,0:00
Mattias Ekholm,D,2009,102,0,N/A,0:00,0,N/A,0:00,2,-0.1,24:50,1,-0.1,16:05,62,1.4,1042:38,80,5.0,1520:42,82,7.8,1659:49
Kris Foucault,LW,2009,103,0,N/A,0:00,0,N/A,0:00,1,0.0,8:50,0,N/A,0:00,0,N/A,0:00,0,N/A,0:00,0,N/A,0:00
Marcus Foligno,LW,2009,104,0,N/A,0:00,0,N/A,0:00,14,2.0,221:25,47,1.2,640:29,74,0.8,1114:37,57,1.6,924:50,75,2.5,988:50
Justin Weller,D,2009,105,0,N/A,0:00,0,N/A,0:00,0,N/A,0:00,0,N/A,0:00,0,N/A,0:00,0,N/A,0:00,0,N/A,0:00
Sami Vatanen,D,2009,106,0,N/A,0:00,0,N/A,0:00,0,N/A,0:00,8,0.8,126:33,48,3.9,837:40,67,6.7,1437:57,71,8.0,1513:17
Garrett Wilson,LW,2009,107,0,N/A,0:00,0,N/A,0:00,0,N/A,0:00,0,N/A,0:00,3,-0.1,31:00,2,-0.1,17:41,29,-0.6,271:48
Tyler Shattock,RW,2009,108,0,N/A,0:00,0,N/A,0:00,0,N/A,0:00,0,N/A,0:00,0,N/A,0:00,0,N/A,0:00,0,N/A,0:00
Alexander Avtsin,RW,2009,109,0,N/A,0:00,0,N/A,0:00,0,N/A,0:00,0,N/A,0:00,0,N/A,0:00,0,N/A,0:00,0,N/A,0:00
Nick Oliver,C/LW,2009,110,0,N/A,0:00,0,N/A,0:00,0,N/A,0:00,0,N/A,0:00,0,N/A,0:00,0,N/A,0:00,0,N/A,0:00
Henrik Bjorklund,RW,2009,111,0,N/A,0:00,0,N/A,0:00,0,N/A,0:00,0,N/A,0:00,0,N/A,0:00,0,N/A,0:00,0,N/A,0:00
Lane MacDermid,LW,2009,112,0,N/A,0:00,0,N/A,0:00,5,-0.2,44:31,6,0.6,30:35,1,0.0,4:08,0,N/A,0:00,0,N/A,0:00
Jeremy Price,D,2009,113,0,N/A,0:00,0,N/A,0:00,0,N/A,0:00,0,N/A,0:00,0,N/A,0:00,0,N/A,0:00,0,N/A,0:00
Seth Helgeson,D,2009,114,0,N/A,0:00,0,N/A,0:00,0,N/A,0:00,0,N/A,0:00,0,N/A,0:00,22,1.0,296:12,19,0.1,265:10
Patrick Wey,D,2009,115,0,N/A,0:00,0,N/A,0:00,0,N/A,0:00,0,N/A,0:00,9,0.4,131:16,0,N/A,0:00,0,N/A,0:00
Alex Fallstrom,RW,2009,116,0,N/A,0:00,0,N/A,0:00,0,N/A,0:00,0,N/A,0:00,0,N/A,0:00,0,N/A,0:00,0,N/A,0:00
Eddie Pasquale,G,2009,117,0,N/A,0:00,0,N/A,0:00,0,N/A,0:00,0,N/A,0:00,0,N/A,0:00,0,N/A,0:00,0,N/A,0:00
Byron Froese,C,2009,118,0,N/A,0:00,0,N/A,0:00,0,N/A,0:00,0,N/A,0:00,0,N/A,0:00,0,N/A,0:00,56,-0.8,707:04
Ben Chiarot,D,2009,119,0,N/A,0:00,0,N/A,0:00,0,N/A,0:00,0,N/A,0:00,1,-0.2,10:47,40,2.1,680:55,70,1.1,1012:03
Nick Petersen,RW,2009,120,0,N/A,0:00,0,N/A,0:00,0,N/A,0:00,0,N/A,0:00,0,N/A,0:00,0,N/A,0:00,0,N/A,0:00
Anton Klementyev,D,2009,121,1,0.0,6:20,0,N/A,0:00,0,N/A,0:00,0,N/A,0:00,0,N/A,0:00,0,N/A,0:00,0,N/A,0:00
Alex Velischek,D,2009,122,0,N/A,0:00,0,N/A,0:00,0,N/A,0:00,0,N/A,0:00,0,N/A,0:00,0,N/A,0:00,0,N/A,0:00
Kieran Millan,G,2009,123,0,N/A,0:00,0,N/A,0:00,0,N/A,0:00,0,N/A,0:00,0,N/A,0:00,0,N/A,0:00,0,N/A,0:00
Cody Sol,D,2009,124,0,N/A,0:00,0,N/A,0:00,0,N/A,0:00,0,N/A,0:00,0,N/A,0:00,0,N/A,0:00,0,N/A,0:00
David Kolomatis,D,2009,125,0,N/A,0:00,0,N/A,0:00,0,N/A,0:00,0,N/A,0:00,0,N/A,0:00,0,N/A,0:00,0,N/A,0:00
Roman Horak,C,2009,126,0,N/A,0:00,0,N/A,0:00,61,0.8,622:02,20,0.3,290:33,2,0.1,24:11,0,N/A,0:00,0,N/A,0:00
Eric Knodel,D,2009,127,0,N/A,0:00,0,N/A,0:00,0,N/A,0:00,0,N/A,0:00,0,N/A,0:00,0,N/A,0:00,0,N/A,0:00
Tomas Vincour,C,2009,128,0,N/A,0:00,24,-0.3,226:15,47,0.6,485:29,2,0.0,18:07,0,N/A,0:00,7,0.0,50:13,0,N/A,0:00
Mike Hoffman,C/LW,2009,129,0,N/A,0:00,0,N/A,0:00,1,-0.1,9:01,3,-0.1,36:57,25,0.3,329:38,79,7.2,1149:46,78,7.6,1368:22
Matt Kennedy,RW,2009,130,0,N/A,0:00,0,N/A,0:00,0,N/A,0:00,0,N/A,0:00,0,N/A,0:00,0,N/A,0:00,0,N/A,0:00
Gabriel Bourque,LW,2009,131,0,N/A,0:00,0,N/A,0:00,43,1.9,549:55,34,2.4,538:18,74,2.0,1024:01,69,-0.2,828:59,22,0.1,272:01
Olivier Roy,G,2009,132,0,N/A,0:00,0,N/A,0:00,0,N/A,0:00,0,N/A,0:00,0,N/A,0:00,0,N/A,0:00,0,N/A,0:00
Mark Adams,D,2009,133,0,N/A,0:00,0,N/A,0:00,0,N/A,0:00,0,N/A,0:00,0,N/A,0:00,0,N/A,0:00,0,N/A,0:00
Corban Knight,C,2009,134,0,N/A,0:00,0,N/A,0:00,0,N/A,0:00,0,N/A,0:00,7,0.1,55:33,2,0.0,12:48,20,0.8,192:38
Radoslav Illo,C,2009,135,0,N/A,0:00,0,N/A,0:00,0,N/A,0:00,0,N/A,0:00,0,N/A,0:00,0,N/A,0:00,0,N/A,0:00
Thomas Larkin,D,2009,136,0,N/A,0:00,0,N/A,0:00,0,N/A,0:00,0,N/A,0:00,0,N/A,0:00,0,N/A,0:00,0,N/A,0:00
Wade Megan,C,2009,137,0,N/A,0:00,0,N/A,0:00,0,N/A,0:00,0,N/A,0:00,0,N/A,0:00,0,N/A,0:00,0,N/A,0:00
Gabriel Dumont,C,2009,138,0,N/A,0:00,0,N/A,0:00,3,-0.1,25:41,10,0.3,96:47,2,0.0,13:40,3,-0.1,27:22,0,N/A,0:00
Scott Stajcer,G,2009,139,0,N/A,0:00,0,N/A,0:00,0,N/A,0:00,0,N/A,0:00,0,N/A,0:00,0,N/A,0:00,0,N/A,0:00
Spencer Bennett,LW,2009,140,0,N/A,0:00,0,N/A,0:00,0,N/A,0:00,0,N/A,0:00,0,N/A,0:00,0,N/A,0:00,0,N/A,0:00
Nic Riopel,G,2009,141,0,N/A,0:00,0,N/A,0:00,0,N/A,0:00,0,N/A,0:00,0,N/A,0:00,0,N/A,0:00,0,N/A,0:00
Peter Andersson,D,2009,142,0,N/A,0:00,0,N/A,0:00,0,N/A,0:00,0,N/A,0:00,0,N/A,0:00,0,N/A,0:00,0,N/A,0:00
Derek Rodwell,LW,2009,143,0,N/A,0:00,0,N/A,0:00,0,N/A,0:00,0,N/A,0:00,0,N/A,0:00,0,N/A,0:00,0,N/A,0:00
Brett Flemming,D,2009,144,0,N/A,0:00,0,N/A,0:00,0,N/A,0:00,0,N/A,0:00,0,N/A,0:00,0,N/A,0:00,0,N/A,0:00
Jeff Costello,LW,2009,145,0,N/A,0:00,0,N/A,0:00,0,N/A,0:00,0,N/A,0:00,0,N/A,0:00,0,N/A,0:00,0,N/A,0:00
Phil Varone,C,2009,146,0,N/A,0:00,0,N/A,0:00,0,N/A,0:00,0,N/A,0:00,9,0.1,102:40,28,-0.3,376:26,1,0.1,9:29
Michael Zador,G,2009,147,0,N/A,0:00,0,N/A,0:00,0,N/A,0:00,0,N/A,0:00,0,N/A,0:00,0,N/A,0:00,0,N/A,0:00
Marcus Kruger,C,2009,148,0,N/A,0:00,7,-0.3,83:43,71,2.2,1093:22,47,0.8,665:47,81,2.0,1123:50,81,0.8,1060:09,41,-0.7,554:22
Nick Jensen,D,2009,149,0,N/A,0:00,0,N/A,0:00,0,N/A,0:00,0,N/A,0:00,0,N/A,0:00,0,N/A,0:00,0,N/A,0:00
Andy Bathgate,C,2009,150,0,N/A,0:00,0,N/A,0:00,0,N/A,0:00,0,N/A,0:00,0,N/A,0:00,0,N/A,0:00,0,N/A,0:00
Anders Lee,C,2009,151,0,N/A,0:00,0,N/A,0:00,0,N/A,0:00,2,0.2,16:24,22,2.1,345:54,76,5.9,1093:53,80,3.7,1166:07
Dave Labrecque,C,2009,152,0,N/A,0:00,0,N/A,0:00,0,N/A,0:00,0,N/A,0:00,0,N/A,0:00,0,N/A,0:00,0,N/A,0:00
Brandon Maxwell,G,2009,153,0,N/A,0:00,0,N/A,0:00,0,N/A,0:00,0,N/A,0:00,0,N/A,0:00,0,N/A,0:00,0,N/A,0:00
Jimmy Bubnick,C,2009,154,0,N/A,0:00,0,N/A,0:00,0,N/A,0:00,0,N/A,0:00,0,N/A,0:00,0,N/A,0:00,0,N/A,0:00
Michael Pelech,C/LW,2009,155,0,N/A,0:00,0,N/A,0:00,0,N/A,0:00,0,N/A,0:00,0,N/A,0:00,0,N/A,0:00,0,N/A,0:00
Evan Bloodoff,LW,2009,156,0,N/A,0:00,0,N/A,0:00,0,N/A,0:00,0,N/A,0:00,0,N/A,0:00,0,N/A,0:00,0,N/A,0:00
Jerry D'Amigo,RW,2009,157,0,N/A,0:00,0,N/A,0:00,0,N/A,0:00,0,N/A,0:00,22,0.1,177:01,9,-0.3,87:34,0,N/A,0:00
Curtis McKenzie,LW,2009,158,0,N/A,0:00,0,N/A,0:00,0,N/A,0:00,0,N/A,0:00,0,N/A,0:00,36,-0.1,415:12,3,-0.1,26:24
Corey Cowick,LW,2009,159,0,N/A,0:00,0,N/A,0:00,0,N/A,0:00,0,N/A,0:00,0,N/A,0:00,0,N/A,0:00,0,N/A,0:00
Darcy Kuemper,G,2009,160,0,N/A,0:00,0,N/A,0:00,0,N/A,0:00,0,N/A,0:00,0,N/A,0:00,0,N/A,0:00,0,N/A,0:00
Jaroslav Janus,G,2009,161,0,N/A,0:00,0,N/A,0:00,0,N/A,0:00,0,N/A,0:00,0,N/A,0:00,0,N/A,0:00,0,N/A,0:00
Jere Sallinen,RW,2009,162,0,N/A,0:00,0,N/A,0:00,0,N/A,0:00,0,N/A,0:00,0,N/A,0:00,0,N/A,0:00,0,N/A,0:00
Connor Knapp,G,2009,163,0,N/A,0:00,0,N/A,0:00,0,N/A,0:00,0,N/A,0:00,0,N/A,0:00,0,N/A,0:00,0,N/A,0:00
Scott Timmins,C,2009,164,0,N/A,0:00,19,-0.4,205:32,0,N/A,0:00,5,-0.2,52:55,0,N/A,0:00,0,N/A,0:00,0,N/A,0:00
Scott Valentine,D,2009,165,0,N/A,0:00,0,N/A,0:00,0,N/A,0:00,0,N/A,0:00,0,N/A,0:00,0,N/A,0:00,0,N/A,0:00
Anton Blomqvist,D,2009,166,0,N/A,0:00,0,N/A,0:00,0,N/A,0:00,0,N/A,0:00,0,N/A,0:00,0,N/A,0:00,0,N/A,0:00
David Shields,D,2009,167,0,N/A,0:00,0,N/A,0:00,0,N/A,0:00,0,N/A,0:00,0,N/A,0:00,0,N/A,0:00,0,N/A,0:00
Dustin Walsh,C,2009,168,0,N/A,0:00,0,N/A,0:00,0,N/A,0:00,0,N/A,0:00,0,N/A,0:00,0,N/A,0:00,0,N/A,0:00
Dan Maggio,D,2009,169,0,N/A,0:00,0,N/A,0:00,0,N/A,0:00,0,N/A,0:00,0,N/A,0:00,0,N/A,0:00,0,N/A,0:00
Joni Ortio,G,2009,170,0,N/A,0:00,0,N/A,0:00,0,N/A,0:00,0,N/A,0:00,0,N/A,0:00,0,N/A,0:00,0,N/A,0:00
Eric Wellwood,LW,2009,171,0,N/A,0:00,3,0.1,40:15,24,1.6,262:58,4,-0.1,37:40,0,N/A,0:00,0,N/A,0:00,0,N/A,0:00
Joe Cannata,G,2009,172,0,N/A,0:00,0,N/A,0:00,0,N/A,0:00,0,N/A,0:00,0,N/A,0:00,0,N/A,0:00,0,N/A,0:00
Ashton Bernard,LW,2009,173,0,N/A,0:00,0,N/A,0:00,0,N/A,0:00,0,N/A,0:00,0,N/A,0:00,0,N/A,0:00,0,N/A,0:00
Garrett Mitchell,RW,2009,174,0,N/A,0:00,0,N/A,0:00,0,N/A,0:00,0,N/A,0:00,0,N/A,0:00,0,N/A,0:00,0,N/A,0:00
Tyler Randell,RW,2009,175,0,N/A,0:00,0,N/A,0:00,0,N/A,0:00,0,N/A,0:00,0,N/A,0:00,0,N/A,0:00,27,0.9,188:32
David Pacan,C,2009,176,0,N/A,0:00,0,N/A,0:00,0,N/A,0:00,0,N/A,0:00,0,N/A,0:00,0,N/A,0:00,0,N/A,0:00
Rasmus Rissanen,D,2009,177,0,N/A,0:00,0,N/A,0:00,0,N/A,0:00,0,N/A,0:00,0,N/A,0:00,6,-0.3,89:52,0,N/A,0:00
Brandon Kozun,RW,2009,178,0,N/A,0:00,0,N/A,0:00,0,N/A,0:00,0,N/A,0:00,0,N/A,0:00,20,0.3,158:13,0,N/A,0:00
Mitch Callahan,RW,2009,179,0,N/A,0:00,0,N/A,0:00,0,N/A,0:00,0,N/A,0:00,1,0.0,9:01,0,N/A,0:00,0,N/A,0:00
Viktor Ekbom,D,2009,180,0,N/A,0:00,0,N/A,0:00,0,N/A,0:00,0,N/A,0:00,0,N/A,0:00,0,N/A,0:00,0,N/A,0:00
Erik Haula,LW,2009,181,0,N/A,0:00,0,N/A,0:00,0,N/A,0:00,0,N/A,0:00,46,2.2,466:44,72,0.6,874:50,76,4.8,967:16
Kirill Gotovets,D,2009,182,0,N/A,0:00,0,N/A,0:00,0,N/A,0:00,0,N/A,0:00,0,N/A,0:00,0,N/A,0:00,0,N/A,0:00
Gus Young,D,2009,183,0,N/A,0:00,0,N/A,0:00,0,N/A,0:00,0,N/A,0:00,0,N/A,0:00,0,N/A,0:00,0,N/A,0:00
Levko Koper,LW,2009,184,0,N/A,0:00,0,N/A,0:00,0,N/A,0:00,0,N/A,0:00,0,N/A,0:00,0,N/A,0:00,0,N/A,0:00
Jordan Nolan,C,2009,185,0,N/A,0:00,0,N/A,0:00,26,0.4,243:03,44,0.1,372:49,64,0.9,576:01,60,0.4,597:52,52,-0.2,462:39
Steven Anthony,LW,2009,186,0,N/A,0:00,0,N/A,0:00,0,N/A,0:00,0,N/A,0:00,0,N/A,0:00,0,N/A,0:00,0,N/A,0:00
Barron Smith,D,2009,187,0,N/A,0:00,0,N/A,0:00,0,N/A,0:00,0,N/A,0:00,0,N/A,0:00,0,N/A,0:00,0,N/A,0:00
Marek Viedensky,C,2009,188,0,N/A,0:00,0,N/A,0:00,0,N/A,0:00,0,N/A,0:00,0,N/A,0:00,0,N/A,0:00,0,N/A,0:00
Brad Peltz,LW,2009,189,0,N/A,0:00,0,N/A,0:00,0,N/A,0:00,0,N/A,0:00,0,N/A,0:00,0,N/A,0:00,0,N/A,0:00
Michael Sdao,D,2009,190,0,N/A,0:00,0,N/A,0:00,0,N/A,0:00,0,N/A,0:00,0,N/A,0:00,0,N/A,0:00,0,N/A,0:00
Cam Reid,C,2009,191,0,N/A,0:00,0,N/A,0:00,0,N/A,0:00,0,N/A,0:00,0,N/A,0:00,0,N/A,0:00,0,N/A,0:00
Anthony Hamburg,C,2009,192,0,N/A,0:00,0,N/A,0:00,0,N/A,0:00,0,N/A,0:00,0,N/A,0:00,0,N/A,0:00,0,N/A,0:00
Maxime Legault,RW,2009,193,0,N/A,0:00,0,N/A,0:00,0,N/A,0:00,0,N/A,0:00,0,N/A,0:00,0,N/A,0:00,0,N/A,0:00
Paul Phillips,D,2009,194,0,N/A,0:00,0,N/A,0:00,0,N/A,0:00,0,N/A,0:00,0,N/A,0:00,0,N/A,0:00,0,N/A,0:00
Oliver Lauridsen,D,2009,195,0,N/A,0:00,0,N/A,0:00,0,N/A,0:00,15,0.8,227:01,0,N/A,0:00,1,-0.1,10:26,0,N/A,0:00
Kyle Neuber,RW,2009,196,0,N/A,0:00,0,N/A,0:00,0,N/A,0:00,0,N/A,0:00,0,N/A,0:00,0,N/A,0:00,0,N/A,0:00
Nic Dowd,C,2009,197,0,N/A,0:00,0,N/A,0:00,0,N/A,0:00,0,N/A,0:00,0,N/A,0:00,0,N/A,0:00,5,0.0,52:53
Michael Cichy,C,2009,198,0,N/A,0:00,0,N/A,0:00,0,N/A,0:00,0,N/A,0:00,0,N/A,0:00,0,N/A,0:00,0,N/A,0:00
Mikhail Pashnin,D,2009,199,0,N/A,0:00,0,N/A,0:00,0,N/A,0:00,0,N/A,0:00,0,N/A,0:00,0,N/A,0:00,0,N/A,0:00
Gaelan Patterson,C,2009,200,0,N/A,0:00,0,N/A,0:00,0,N/A,0:00,0,N/A,0:00,0,N/A,0:00,0,N/A,0:00,0,N/A,0:00
Max Tardy,C,2009,201,0,N/A,0:00,0,N/A,0:00,0,N/A,0:00,0,N/A,0:00,0,N/A,0:00,0,N/A,0:00,0,N/A,0:00
Jordan Samuels-Thomas,LW,2009,202,0,N/A,0:00,0,N/A,0:00,0,N/A,0:00,0,N/A,0:00,0,N/A,0:00,0,N/A,0:00,0,N/A,0:00
Curtis Gedig,D,2009,203,0,N/A,0:00,0,N/A,0:00,0,N/A,0:00,0,N/A,0:00,0,N/A,0:00,0,N/A,0:00,0,N/A,0:00
Benjamin Casavant,LW,2009,204,0,N/A,0:00,0,N/A,0:00,0,N/A,0:00,0,N/A,0:00,0,N/A,0:00,0,N/A,0:00,0,N/A,0:00
Ben Sexton,C,2009,205,0,N/A,0:00,0,N/A,0:00,0,N/A,0:00,0,N/A,0:00,0,N/A,0:00,0,N/A,0:00,0,N/A,0:00
Dominik Bielke,D,2009,206,0,N/A,0:00,0,N/A,0:00,0,N/A,0:00,0,N/A,0:00,0,N/A,0:00,0,N/A,0:00,0,N/A,0:00
Tommi Kivisto,D,2009,207,0,N/A,0:00,0,N/A,0:00,0,N/A,0:00,0,N/A,0:00,0,N/A,0:00,0,N/A,0:00,0,N/A,0:00
David Gilbert,C,2009,208,0,N/A,0:00,0,N/A,0:00,0,N/A,0:00,0,N/A,0:00,0,N/A,0:00,0,N/A,0:00,0,N/A,0:00
Adam Almqvist,D,2009,209,0,N/A,0:00,0,N/A,0:00,0,N/A,0:00,0,N/A,0:00,2,0.2,34:26,0,N/A,0:00,0,N/A,0:00
Petteri Simila,G,2009,210,0,N/A,0:00,0,N/A,0:00,0,N/A,0:00,0,N/A,0:00,0,N/A,0:00,0,N/A,0:00,0,N/A,0:00
