overall,expected_draft_value,value_floor_5pct,value_ceiling_95pct,raw_model_output,raw_floor_5pct,raw_ceiling_95pct
1,100.0,93.36757952887041,106.6488291622139,60.50915052423118,56.49592923795545,64.53230057009416
2,85.11383593138368,81.23192018608351,89.07084126243743,51.501659100668114,49.1527448591206,53.896009412687285
3,75.45820843490603,71.66491940503828,79.3112510161782,45.65912092476539,43.363833955863576,47.990564260030105
4,69.42732852612197,65.95763667477324,72.92927551546258,42.00988672282364,39.91040565776405,44.12888509788253
5,65.4154072205865,62.56631930848518,68.34748722106438,39.58230722114348,37.858348327842414,41.356483922123516
6,62.07717299297505,59.49001704227147,64.687432434222,37.56237004750666,35.99690395899882,39.141815861883735
7,59.109424154445065,56.52191880813137,61.65769789949088,35.76661043561943,34.20093293079594,37.30854923177866
8,56.469476475274476,53.83589459422196,59.07011545989299,34.16920052066915,32.57564249608421,35.7428250784638
9,54.11464572574127,51.51158016576829,56.669347814776344,32.74431243784322,31.169219579914746,34.29014097034313
10,52.00224767612334,49.50450646075598,54.44539528099496,31.466118322328985,29.954756330616583,32.9444461840899
11,50.08959809669869,47.75345235955569,52.417351560552305,30.308790309313846,28.895208368760578,31.717294156590036
12,48.3340127577452,46.17159059461017,50.50237369197883,29.246500533985145,27.938037252324435,30.5585573155892
13,46.692807429540856,44.63477224630492,48.73868114796509,28.253421131530274,27.008121524664407,29.49136193934728
14,45.1232978823636,43.122086062202726,47.08919600619086,27.30372423713661,26.092807964566763,28.493272492036283
15,43.582799886491365,41.62108906407462,45.5393461589767,26.371581985991515,25.18456743160523,27.5554715150859
16,42.03687263921911,40.05049535859712,44.01849440588994,25.436154540944443,24.234214522233753,26.635217038560228
17,40.484049045909856,38.459933388831715,42.50846708263772,24.49655417549317,23.271778985767227,25.721512332576523
18,38.931105438943625,36.87008349479972,40.97682094797819,23.556881190797547,22.30977432027808,24.794726267456817
19,37.38481815070044,35.34456187671742,39.4412263780105,22.621235888017427,21.386694148112976,23.865551037673146
20,35.851963513560314,33.852818104504685,37.89441724710813,21.69371856831265,20.484052663548923,22.929589972332877
21,34.33931785990328,32.38489741222597,36.32956857891066,20.778429532843077,19.595826322281656,21.982713336216847
22,32.853657522109366,30.978293573947372,34.77534056560865,19.87946908276856,18.74470228849805,21.042263168158165
23,31.401758832558606,29.59882725877797,33.23042563068465,19.000937519248946,17.909998939421133,20.107448264713675
24,29.990398123630992,28.281799745893434,31.701786697877623,18.146935143444082,17.113076779204288,19.18248183188947
25,28.626351727706577,27.034644198399583,30.22792845767073,17.321562256513825,16.358433551699935,18.290662730808894
26,27.316395977165367,25.829363443411605,28.79909864146906,16.528919159618024,15.62912840542467,17.42608994658833
27,26.067307204387408,24.680214199017897,27.444218542040353,15.773106153916535,14.933787959386416,16.60626350780216
28,24.885861741752695,23.594609685228352,26.177660737603343,15.058223540569198,14.276897890039653,15.839880139438973
29,23.778835921641278,22.561071060929557,25.007526575300734,14.388371620735875,13.651512448136625,15.131841897835837
30,22.75300607643316,21.60001635498763,23.921477967806933,13.767650695576407,13.06998640949802,14.474683111161097
31,21.813288396685863,20.692773366861076,22.937627663179097,13.199035510235303,12.521021384191988,13.87936364940073
32,20.957158505666758,19.861057238836754,22.065405808242463,12.680998585795617,12.017757020351443,13.351589614291882
33,20.18023188482076,19.090478557646623,21.274763643525507,12.210886887325088,11.551486406242473,12.873178756735259
34,19.478124015592723,18.379685516034776,20.573752710837017,11.786047379891425,11.1213915747778,12.449002996283463
35,18.84645037942753,17.74826962850956,19.943057134475843,11.403827028562343,10.739327184961256,12.067374460633413
36,18.28082645777007,17.181224790883153,19.379398242726456,11.061572798405571,10.39621317062201,11.726309253381565
37,17.776867732065213,16.6648722320097,18.87664935932716,10.756631654488821,10.083772623537554,11.422100174766593
38,17.330189683757837,16.208989744395126,18.434329849116622,10.486350561879812,9.80792200289324,11.154456396535256
39,16.93640779429282,15.807437933331457,18.0451285255555,10.248076485646264,9.56494641310395,10.918953981819357
40,16.591137545115046,15.461449577871658,17.699466272885477,10.039156390855897,9.355591798302468,10.709796689045804
41,16.28999441766939,15.164588193104507,17.393871135923852,9.856937242576429,9.175963496145396,10.524883667626964
42,16.028593893400732,14.9126910274545,17.123459796536835,9.698766005875575,9.023542661015961,10.361260063242684
43,15.802551453753951,14.690404576566578,16.888570917193594,9.561989645821061,8.889039017853218,10.219130797676202
44,15.607482580173917,14.50434396548951,16.680483962615675,9.443955127480596,8.776455322630289,10.09321914910936
45,15.439002754105518,14.353301050663088,16.503030592168457,9.342009415921906,8.685060537941784,9.985843622075134
46,15.292727456993632,14.220688353385306,16.34628528229551,9.253499476212708,8.604817721331727,9.890998366584439
47,15.164272170283136,14.106823363020824,16.20418454795657,9.175772273420721,8.535918982917682,9.80501441934725
48,15.049252375418906,14.004653460074174,16.07529686461472,9.106174772613663,8.474096842553232,9.727025577026737
49,14.943283553845827,13.92062597727915,15.959281032355173,9.042053938859254,8.423252526507069,9.656825382452867
50,14.841981187008772,13.832091302814787,15.845760618774221,8.980756737225212,8.36968094706929,9.58813514452344
51,14.74169367649708,13.743640698844343,15.723243392286635,8.920073616532688,8.316160237973222,9.514001011529952
52,14.641701104477951,13.660220578789955,15.609852898181133,8.859568960616583,8.265683431962017,9.445389386771485
53,14.542016473263047,13.575458193421069,15.501067965966433,8.799250637065231,8.214394432611229,9.37956454839001
54,14.442652785164025,13.485094094331817,15.39028459185144,8.739126513466967,8.15971588387345,9.312530469790946
55,14.343623042492528,13.394803029549475,15.281112383545645,8.679204457410112,8.10508152757437,9.246471293936565
56,14.244940247560233,13.30083433873213,15.168760141440176,8.619492336483011,8.048221871002054,9.17848790664362
57,14.146617402678789,13.211577789487935,15.059973802993744,8.559998018273992,7.994213491267148,9.112662217363267
58,14.048667510159863,13.119925685995105,14.949048221584336,8.500729370371392,7.938755582006048,9.04554209033837
59,13.9511035723151,13.02914358019035,14.845871276790731,8.441694260363537,7.883824100955582,8.983110597506906
60,13.85393859145616,12.941455320896718,14.737659004709702,8.382900555838761,7.830764680147521,8.917632270907704
61,13.757185569894714,12.85253197829811,14.632522778476627,8.324356124385403,7.77695792092335,8.854015233520837
62,13.660857509942412,12.769049928780857,14.528077567040656,8.266068833591794,7.726443641920244,8.790816323317694
63,13.564967413910907,12.682474297926486,14.424891862068312,8.20804655104626,7.6740574631292695,8.72837952977649
64,13.469528284111865,12.589446682773886,14.325421980703647,8.150297144337141,7.61776724344748,8.66819114953527
65,13.37455312285694,12.501866110211097,14.223021197653571,8.092828481052768,7.564772982965478,8.606229305581508
66,13.280054932457789,12.416929787523195,14.122839508930118,8.035648428781471,7.513378735620508,8.545610216754117
67,13.186046715226079,12.335124994904819,14.02296635328525,7.978764855111589,7.46387935051902,8.485177818671664
68,13.092541473473455,12.249352480517734,13.92401427223013,7.922185627631448,7.411979130680122,8.425302754999162
69,12.999552209511586,12.160119160309655,13.823499416452353,7.865918613929387,7.3579848066376465,8.364482069617374
70,12.907091925652127,12.074243724752254,13.724683174797562,7.809971681593735,7.306022310072879,8.304689201212087
71,12.815173624206736,11.98650262589411,13.623671927470538,7.754352698212826,7.25293091649319,8.243568153520576
72,12.72381030748707,11.901375891597308,13.53062085112942,7.699069531374994,7.201421452701176,8.187263737672911
73,12.633014977804786,11.818738320510283,13.437097554168263,7.644130048668568,7.151418160422559,8.13067358513946
74,12.542800637471549,11.733268806721421,13.338767452852835,7.589542117681887,7.099701283671728,8.071174876123878
75,12.453180288799008,11.648507921673712,13.247806403563462,7.535313606003278,7.04841319215254,8.016135117890952
76,12.364166934098826,11.56337359452856,13.161403213118051,7.481452381221078,6.996899133992488,7.963853281326601
77,12.275773575682662,11.482665753202681,13.071863284519031,7.427966310923619,6.948063504799754,7.90967343115133
78,12.188013215862172,11.40298776272652,12.979929628843358,7.374863262699231,6.899851029607852,7.85404515705611
79,12.10089885694901,11.319268186177712,12.889070907534899,7.322151104136248,6.849193025015685,7.799067316615182
80,12.014443501254847,11.236189287310552,12.797345994370021,7.269837702823006,6.798922689046281,7.743565350840026
81,11.92866015109133,11.155529357084754,12.707231453527568,7.217930926347836,6.7501160504532125,7.689037807677446
82,11.843561808770119,11.071709747844569,12.619916761764252,7.1664386422990685,6.699397516929247,7.636204429408613
83,11.759161476602875,10.988846036101783,12.530496450037427,7.1153687182650405,6.64925738886084,7.582096958386592
84,11.67547215690126,10.91127780783207,12.44130128405331,7.064729021834084,6.60232151285814,7.528125721140924
85,11.59250685197692,10.829870726573727,12.358261282440298,7.014527420594528,6.553062779522146,7.477878921569583
86,11.51027856414152,10.748299449892441,12.276751276934839,6.964771782134708,6.503704692930529,7.428557909645975
87,11.428800295706722,10.670161802110828,12.195443850026939,6.915469974042959,6.45642426601826,7.379359476310895
88,11.348085048984178,10.590488090491922,12.110808446794708,6.86662986390761,6.408214379926534,7.328147312772314
89,11.26814582628555,10.510532877392745,12.028322101155984,6.818259319316998,6.359834159680382,7.278235525727841
90,11.188995629922495,10.429879827240734,11.946106816156126,6.7703662078594515,6.311031684161519,7.228487755173352
91,11.110647462206673,10.355084372554545,11.868043297330894,6.722958397123308,6.26577358990017,7.18125218306288
92,11.033114325449738,10.280808220319885,11.79263425103027,6.676043754696895,6.220829721140892,7.135622809727948
93,10.956409221963348,10.201331946060234,11.716316283539179,6.629630148168548,6.172739302718068,7.089443455901731
94,10.880545154059169,10.125661589623823,11.637839311097178,6.583725445126603,6.126951812839739,7.04195770651994
95,10.80553512404885,10.050328339490688,11.558489683721454,6.538337513159389,6.081368303121885,6.9939439210507475
96,10.731392134244052,9.978752291595505,11.480895442448587,6.493474219855239,6.038058244561692,6.946992304800813
97,10.658129186956437,9.904005918868185,11.407337736424338,6.4491434328024875,5.992829849376716,6.902483161740428
98,10.585759284497659,9.832278832184286,11.335080984056125,6.405353019589466,5.94942839852851,6.858761214686026
99,10.514295429179375,9.759766082959189,11.262533795305245,6.362110847804508,5.905551549950637,6.814863527043658
100,10.44375062331325,9.689724749568766,11.19206046017881,6.319424785035947,5.863170134100248,6.772220710612557
101,10.374133485394692,9.619506726014915,11.12227082903281,6.2773000462621455,5.820681804532908,6.729991597652119
102,10.305435098654145,9.55370855629479,11.054850909603473,6.235731236021589,5.780867890974768,6.689196377121306
103,10.237642162505807,9.490769999139694,10.987412223249839,6.194710306242794,5.742784304688012,6.64838980088402
104,10.170741376363866,9.42725386740997,10.915693448305083,6.154229208854274,5.704351232932504,6.604993379398564
105,10.10471943964253,9.35913455008462,10.849233820777748,6.114279895784549,5.66313281267603,6.564779223340205
106,10.039563051755993,9.29704636856302,10.781386006780943,6.074854318962131,5.625563781461366,6.523725087441478
107,9.975258912118443,9.234757648472224,10.719353727723739,6.035944430315535,5.587873406062009,6.486189882333143
108,9.911793720144086,9.170424765901313,10.654063765139078,5.997542181773278,5.5489461253106,6.446683480595578
109,9.84915417524712,9.108575792811939,10.592680935572293,5.95963952526388,5.51152183708626,6.409541251856979
110,9.787326976841733,9.048038550595562,10.532143393505853,5.9222284127158495,5.474891266070334,6.372910499404327
111,9.72629882434213,8.98808650475718,10.470955477699864,5.885300796057708,5.438614792411631,6.335886211326641
112,9.666056417162505,8.92676346564541,10.40756687137673,5.848848627217967,5.401508742369457,6.297530304111364
113,9.606586454717052,8.867547216394614,10.342432737211416,5.812863858125145,5.36567749297549,6.258118192826618
114,9.547875636419972,8.80771085534286,10.288312054879995,5.777338440707758,5.3294710191984604,6.225370227689958
115,9.489910661685464,8.752598733215104,10.229990896758197,5.742264326894321,5.296123142263078,6.190080590334564
116,9.432678229927715,8.694576500508377,10.172465483920979,5.707633468613347,5.261014382137046,6.155272451691206
117,9.376165040560933,8.638001198967013,10.115967375304594,5.6734378177933555,5.226781147767844,6.121085926105175
118,9.320357792999307,8.58622840665453,10.059818974529616,5.639669326362862,5.195453870936887,6.087111005763295
119,9.265243186657033,8.531539613527986,10.00273766289606,5.606319946250378,5.1623621467840595,6.0525715889857405
120,9.210807920948316,8.481359994703313,9.949620442354293,5.573381629384425,5.131998885696953,6.020430810053836
121,9.157038695287348,8.43119157947368,9.89656022582268,5.540846327693516,5.101642403810033,5.9883245237642395
122,9.103922209088328,8.377544097684998,9.843750260881757,5.508705993106169,5.06918076830206,5.956369662586342
123,9.051445161765447,8.327775381165011,9.7879215291098,5.476952577550894,5.039066140709004,5.922588171242679
124,8.999594252732905,8.279559513642054,9.739496522966578,5.445578032956212,5.009891128852974,5.893286611384109
125,8.948356181404902,8.230320385354627,9.687909302814349,5.414574311250638,4.980096950600715,5.86207162269093
126,8.897717647195629,8.179101409122332,9.634692189322934,5.383933364362685,4.949104783175345,5.829870399383758
127,8.847665349519293,8.131187343343855,9.585769414469638,5.353647144220873,4.920112388991168,5.800267643907147
128,8.79818598779008,8.082859482826478,9.53758329136383,5.323707602753715,4.890869611125567,5.771110630145262
129,8.749266261422186,8.033513162857876,9.488267072669704,5.294106691889724,4.861010572097597,5.741269805142775
130,8.700892869829817,7.982576870451323,9.443498573669565,5.264836363557422,4.830189454253854,5.714180766695343
131,8.653052512427166,7.9337502635917625,9.395301561897497,5.235888569685322,4.800644889213328,5.685017164293999
132,8.60573188862843,7.884972664810652,9.34757453080339,5.207255262201939,4.77112997854476,5.6561379432085195
133,8.558917697847802,7.837252191602376,9.30217318282632,5.178928393035789,4.742254725580289,5.628665973221044
134,8.512596639499481,7.79062398012201,9.255687243110852,5.150899914115387,4.7140403909088775,5.600537725986008
135,8.466755412997669,7.740783240172569,9.211983154628859,5.12316177736925,4.683882182550479,5.574092753301196
136,8.421380717756556,7.694234063216286,9.17160735184461,5.095705934725894,4.6557156709982115,5.549661698019108
137,8.37645925319034,7.6453789163111106,9.129846975345227,5.068524338113834,4.626153836618524,5.524392848943611
138,8.331977718713219,7.5984772379760965,9.087303215045154,5.041608939461585,4.5977740294764,5.498649980984972
139,8.28792281373939,7.550595985724,9.046867736624552,5.014951690697664,4.568801490478292,5.474182816482257
140,8.244281237683051,7.504979432306561,9.004943132488032,4.988544543750587,4.541199301506968,5.448814594658602
141,8.201039689958398,7.458871357770955,8.961281864214879,4.962379450548869,4.5132996972823936,5.422395532118411
142,8.158184869979625,7.415207118280196,8.92101763874879,4.936448363021025,4.486878836883669,5.398031991323719
143,8.115703477160933,7.370006935363371,8.878404944842552,4.910743233095573,4.4595285901652995,5.372247412225565
144,8.073582210916516,7.328572523032426,8.834729888740652,4.885256012701027,4.434456979239137,5.345820006787323
145,8.031807770660572,7.2856476018550085,8.795076440641681,4.859978653765903,4.408483474071486,5.32182604218907
146,7.990366855807297,7.245205899727306,8.75358472794243,4.8349031082187155,4.384012543656474,5.296719759296798
147,7.949246165770888,7.202816925476148,8.712236069177326,4.810021327987982,4.358363335421163,5.2717000371248695
148,7.908432399965543,7.159585791074158,8.67392668510789,4.785325265002219,4.33220454323253,5.24851935425339
149,7.867912257805458,7.1179644429851,8.632429966090065,4.760806871189941,4.307019819067108,5.223410042080276
150,7.827672438704831,7.079199182137912,8.591465051090031,4.736458098479664,4.2835632890299715,5.198622520000782
151,7.78770074661954,7.036661819069815,8.55250580472577,4.712271567148693,4.257824291982058,5.175048610975126
152,7.747989403672215,6.999274289146666,8.51498735054839,4.688242570869503,4.235201415223568,5.15234651306257
153,7.70853173652716,6.958732251327589,8.475975386195273,4.664367071663351,4.2106697725340325,5.128740704829682
154,7.669321071848683,6.919172974579474,8.437913211777046,4.6406410315515,4.186732790220218,5.105709606418163
155,7.6303507363010965,6.880929809411556,8.399222972553472,4.617060412555213,4.163592175843532,5.082298471328185
156,7.5916140565487025,6.8422828974818,8.360944150914978,4.5936211766957475,4.140207257730989,5.059136281524047
157,7.553104359255819,6.8038913186431165,8.32281623579593,4.570319285994371,4.116976839502861,5.036065403972911
158,7.51481497108675,6.762862413566981,8.287766411335156,4.547150702472342,4.092150597571898,5.014857052931462
159,7.476739218705805,6.724051076714891,8.250098622300046,4.524111388150922,4.068666187335601,4.992064593765058
160,7.438870428777289,6.681162626683311,8.215149997941639,4.501197305051371,4.042714750548482,4.970917478045881
161,7.401201927965517,6.643223794416174,8.179226227224113,4.478404415194955,4.019758285424825,4.949180309548433
162,7.363727042934789,6.602357321136107,8.146397375977081,4.455728680602929,3.995030329593844,4.929315850531991
163,7.326439100349424,6.55783728355872,8.109828946839851,4.433166063296562,3.9680916330426985,4.907188604700998
164,7.289331426873723,6.519106314660177,8.076454283997995,4.410712525297109,3.944655852772386,4.886993879725065
165,7.252397349171997,6.478946418307399,8.043492849825872,4.388364028625836,3.920355440637909,4.867049195906909
166,7.215630193908558,6.435993035349126,8.012055436548513,4.366116535304004,3.8943647134884376,4.848026684185988
167,7.179023287747708,6.397059002358499,7.9808814154924566,4.343966007352871,3.8708060608609856,4.8291635488607225
168,7.142569957353764,6.361770191627632,7.952392718685544,4.321908406793704,3.849453101257634,4.811925280427436
169,7.1062635293910255,6.314793914150983,7.917920251976573,4.299939695647759,3.8210281548086087,4.791066283657089
170,7.070097330523813,6.272063324660623,7.885406992350998,4.278055835936304,3.795172238093995,4.771392786449916
171,7.03406468741642,6.233041516596989,7.851487156609507,4.256252789680593,3.7715604735154944,4.750868181983526
172,6.998158926733169,6.192529557813097,7.822624389000811,4.234526518901895,3.7470470313946342,4.733403566485721
173,6.96237337513836,6.160910895082392,7.791500486212935,4.212872985621465,3.727914847169163,4.714570757298789
174,6.926701359296305,6.112647720586843,7.758585385088488,4.191288151860569,3.698711210265879,4.694654109214195
175,6.891136205871317,6.06846774596356,7.727691924598793,4.1697679796404685,3.6719782829195102,4.675960738704341
176,6.855671241527696,6.02417750353626,7.6978538883528,4.148308430982422,3.6451786334616276,4.657905996438778
177,6.820299792929755,5.986144410842144,7.665461951882208,4.126905467907693,3.622165132154325,4.6383059108420746
178,6.785015186741803,5.939128699486217,7.632926705989186,4.105555052437543,3.5937163245999284,4.618619109931237
179,6.749810749628148,5.896583744262844,7.60056711311511,4.084253146593233,3.567972733603351,4.599038595170034
180,6.7146798082531,5.848753044406,7.571762717666571,4.062995712396026,3.53903078343018,4.581609300170483
181,6.679615689280965,5.809961503486034,7.544966240188369,4.041778711867181,3.5155583515442492,4.565394979278007
182,6.644611719376054,5.769685314958294,7.519423008382273,4.020598107027962,3.491187572002576,4.549938986695702
183,6.609661225202677,5.725345194798801,7.490453042430575,3.999449859899631,3.4643577419526435,4.532409506391171
184,6.57475753342514,5.681180892757145,7.465229713759204,3.978329932503447,3.4376342979522816,4.517147084478189
185,6.539893970707751,5.636161978391328,7.437275269849934,3.9572342868606722,3.4103937352942952,4.500232087934918
186,6.505063863714821,5.592266469418688,7.411140931699371,3.9361588849925697,3.383832935696663,4.4844184219248815
187,6.470260539110658,5.546464664518503,7.3812374795728894,3.9150996889204,3.3561186526267948,4.466324097065727
188,6.435477323559572,5.505269792468898,7.35471355979994,3.8940526606654253,3.331191985490035,4.450274698525387
189,6.400707543725868,5.456128471113713,7.329694156887359,3.8730137622489056,3.30145698938163,4.4351356703567495
190,6.365944526273857,5.414442332897679,7.305641295060931,3.851978955692104,3.276233061260751,4.420581487988811
191,6.33118159786785,5.36876131962584,7.27567042248075,3.8309442030162826,3.2485918681791,4.402446367585844
192,6.296412085172152,5.325399885500425,7.249671872963603,3.8099054662427005,3.2223542327346872,4.386714866124397
193,6.261629314851071,5.281994358520109,7.223663152814369,3.78885870739262,3.1960899170783317,4.370977210499871
194,6.22682661356892,5.233724791211747,7.196709939577969,3.767799888487305,3.16688241193832,4.35466805013154
195,6.1919973079900075,5.185526431197637,7.170999010159511,3.746724971548016,3.1377179937271715,4.339110585148546
196,6.157134724778639,5.1403688389056645,7.145665147040725,3.7256299185960136,3.110393518234103,4.323781279780397
197,6.1222321905991235,5.089286083359071,7.122563708223888,3.704510691652559,3.07948377678849,4.309802795393455
198,6.087283032115769,5.03996689497509,7.0990964698885275,3.6833632527389146,3.049641154851898,4.295602968825231
199,6.052280575992888,4.993923997113773,7.072707185432374,3.6621835638763423,3.021780988479276,4.279635036971389
200,6.017218148894786,4.945527882729036,7.045984394331505,3.640967587086103,2.992496910778336,4.263465303079889
201,5.982049975866901,4.900923928879596,7.018330093887296,3.6196876243320384,2.9655074372038195,4.2467319207976795
202,5.946573875479178,4.851348411629258,6.999203305346485,3.5982213373483036,2.935509712847646,4.235158463529069
203,5.910548564682694,4.806367338716632,6.970855918660716,3.5764227278116367,2.9082920477315315,4.218005700649691
204,5.873732760428519,4.7499779676607625,6.945352412065422,3.5541457973987716,2.874171318319668,4.202573745454988
205,5.835885179667731,4.697758683685794,6.922263281214293,3.5312445477864465,2.8425738731765784,4.188602708513541
206,5.7967645393514,4.641702690348575,6.897382475808097,3.507572980651395,2.808654867790308,4.173547544518665
207,5.756129556430603,4.584305756375297,6.872840519513843,3.4829850976703547,2.7739244706161235,4.158697415242983
208,5.713738947856414,4.521284920058304,6.836564045625622,3.4573349005200606,2.7357910979074442,4.1367468290530764
209,5.669351430579906,4.457624122481064,6.810658433362607,3.4304763908772493,2.697270490076506,4.121071563134625
210,5.622725721552152,4.388297847582499,6.7737540870781165,3.402263570418656,2.655321750045291,4.09874105669136
